cached_tokens,case_id,cohort,complete,config_id,dispatched,executable,failure,finish_reason,input_characters,input_tokens,job_id,json_valid,max_tokens,output_tokens,reasoning_tokens,repeat,request_id,returned_model,role,schema_valid,seconds,template,usage_complete,valid,validation_reason
128,,calibration,True,legacy_caps,True,True,,stop,2244,665,cal-c-c0-t1-r1,True,2000,1631,1539,1,0706c251946f3540bf55999720e80358,MiniMax-M3,coder,True,7.64745079993736,parent_revision,True,True,executable_on_4_feature_fixtures
128,,calibration,True,expanded_caps,True,True,,stop,2314,695,cal-c-c1-t2-r2,True,4096,1373,1284,2,0706c259a9516d060234948283234beb,MiniMax-M3,coder,True,6.930376700009219,reference_revision,True,True,executable_on_4_feature_fixtures
128,,calibration,False,expanded_caps,True,,,length,2652,814,cal-p-c1-t1-r1,False,4096,4096,4095,1,0706c2607a750e38adcdba7e9c5f62d5,MiniMax-M3,planner,False,16.91118350008037,parent_revision,True,False,final_json_missing_or_malformed
664,,calibration,True,expanded_caps,True,True,,stop,2244,665,cal-c-c1-t1-r1,True,4096,1199,1104,1,0706c27105ba3b97f7ffe98fcb291afe,MiniMax-M3,coder,True,4.2806933000683784,parent_revision,True,True,executable_on_4_feature_fixtures
128,,calibration,True,legacy_caps,True,True,,stop,2194,649,cal-c-c0-t0-r0,True,2000,1606,1498,0,0706c276acb8e48d45999293e16c4ced,MiniMax-M3,coder,True,6.394134400063194,from_scratch,True,True,executable_on_4_feature_fixtures
128,,calibration,True,expanded_caps,True,,,stop,2348,706,cal-p-c1-t0-r2,True,4096,1302,1175,2,0706c27c437ee603ae028f1ec9cfd650,MiniMax-M3,planner,True,5.359740099986084,from_scratch,True,True,valid
128,,calibration,False,legacy_caps,True,,,length,2644,810,cal-p-c0-t1-r0,False,1800,1800,,0,0706c2813bf468fd9579477a47acf1cb,MiniMax-M3,planner,False,10.789326900034212,parent_revision,True,False,final_json_missing_or_malformed
128,,calibration,False,expanded_caps,True,,,length,2640,809,cal-p-c1-t1-r2,False,4096,4095,4095,2,0706c28c957de567037aedf33101d2fc,MiniMax-M3,planner,False,29.722963999956846,parent_revision,True,False,final_json_missing_or_malformed
128,,calibration,True,expanded_caps,True,,,stop,2356,706,cal-p-c1-t0-r0,True,4096,3528,3355,0,0706c2aade506cf5d91c4c1cc11ba335,MiniMax-M3,planner,True,15.679011899977922,from_scratch,True,True,valid
128,,calibration,True,expanded_caps,True,,,stop,2980,933,cal-p-c1-t2-r1,True,4096,445,,1,0706c2ba8ec1b697a7da2cdcbdc6baaf,MiniMax-M3,planner,True,4.065429799957201,reference_revision,True,True,valid
128,,calibration,True,expanded_caps,True,,,stop,2964,928,cal-p-c1-t2-r0,True,4096,1717,1603,0,0706c2bea0e3debef35a10507e958c7b,MiniMax-M3,planner,True,7.354684600024484,reference_revision,True,True,valid
809,,calibration,True,expanded_caps,True,,,stop,2644,810,cal-p-c1-t1-r0,True,4096,2400,,0,0706c2c52b4c8fc97f68be2f7193412e,MiniMax-M3,planner,True,13.37827310001012,parent_revision,True,True,valid
128,,calibration,True,legacy_caps,True,True,,stop,2314,695,cal-c-c0-t2-r1,True,2000,1534,1438,1,0706c2d38d2d11e6f59fb0f69b516219,MiniMax-M3,coder,True,6.916113900020719,reference_revision,True,True,executable_on_4_feature_fixtures
927,,calibration,True,legacy_caps,True,,,stop,2964,928,cal-p-c0-t2-r0,True,1800,1374,1250,0,0706c2d9798bf434dbb2d478ecd005a7,MiniMax-M3,planner,True,5.412571300053969,reference_revision,True,True,valid
813,,calibration,False,legacy_caps,True,,,length,2652,814,cal-p-c0-t1-r1,False,1800,1800,1799,1,0706c2df4fdb517ec8dc8c2dc3eb423e,MiniMax-M3,planner,False,6.6570722999749705,parent_revision,True,False,final_json_missing_or_malformed
694,,calibration,True,legacy_caps,True,True,,stop,2314,695,cal-c-c0-t2-r2,True,2000,1109,1016,2,0706c2e678684e0263f8d75e9b7338da,MiniMax-M3,coder,True,15.31989580008667,reference_revision,True,True,executable_on_4_feature_fixtures
932,,calibration,False,legacy_caps,True,,,length,2980,933,cal-p-c0-t2-r1,False,1800,1800,,1,0706c2f51768cf8153888e03509cc7e0,MiniMax-M3,planner,False,10.880984100047499,reference_revision,True,False,final_json_missing_or_malformed
128,,calibration,False,legacy_caps,True,False,,length,2196,649,cal-c-c0-t0-r1,False,2000,2000,1999,1,0706c300ebd6a9f4f2ee8f0c1be162df,MiniMax-M3,coder,False,6.898779599927366,from_scratch,True,False,final_json_missing_or_malformed
128,,calibration,False,legacy_caps,True,,,length,2969,930,cal-p-c0-t2-r2,False,1800,1800,0,2,0706c307af08a264f73d7bd114483b2d,MiniMax-M3,planner,False,18.052355899941176,reference_revision,True,False,final_json_missing_or_malformed
768,,calibration,False,legacy_caps,True,,,length,2640,809,cal-p-c0-t1-r2,False,1800,1799,1799,2,0706c319309d718a8fe5689638677531,MiniMax-M3,planner,False,13.927365000010468,parent_revision,True,False,final_json_missing_or_malformed
128,,calibration,False,legacy_caps,True,False,,length,2196,649,cal-c-c0-t0-r2,False,2000,2000,1999,2,0706c32779d58a0145b992b82d8401ce,MiniMax-M3,coder,False,9.354208800010383,from_scratch,True,False,final_json_missing_or_malformed
128,,calibration,True,expanded_caps,True,True,,stop,2312,695,cal-c-c1-t2-r0,True,4096,1068,978,0,0706c330ad18eeec68a4604c83272ff6,MiniMax-M3,coder,True,4.602896499913186,reference_revision,True,True,executable_on_4_feature_fixtures
128,,calibration,False,legacy_caps,True,,,length,2354,707,cal-p-c0-t0-r1,False,1800,1800,0,1,0706c335b134f88391ed4d465592fcea,MiniMax-M3,planner,False,26.740571399917826,from_scratch,True,False,final_json_missing_or_malformed
128,,calibration,True,legacy_caps,True,True,,stop,2242,665,cal-c-c0-t1-r0,True,2000,1195,0,0,0706c3504e098d580b340e70109d7249,MiniMax-M3,coder,True,15.074580700020306,parent_revision,True,True,executable_on_4_feature_fixtures
128,,calibration,True,expanded_caps,True,True,,stop,2244,665,cal-c-c1-t1-r2,True,4096,1373,1290,2,0706c35f610ebca30d5544c9deef965d,MiniMax-M3,coder,True,9.992525300011039,parent_revision,True,True,executable_on_4_feature_fixtures
705,,calibration,False,legacy_caps,True,,,length,2348,706,cal-p-c0-t0-r2,False,1800,1800,1799,2,0706c369cfaccaf80cf6b9457912bc80,MiniMax-M3,planner,False,7.880983899929561,from_scratch,True,False,final_json_missing_or_malformed
694,,calibration,False,legacy_caps,True,False,,length,2312,695,cal-c-c0-t2-r0,False,2000,2000,1999,0,0706c371f013f323833c25bbb174eb7c,MiniMax-M3,coder,False,5.678931000060402,reference_revision,True,False,final_json_missing_or_malformed
648,,calibration,True,expanded_caps,True,True,,stop,2194,649,cal-c-c1-t0-r0,True,4096,2009,1922,0,0706c377337f4635e99e00b1f5e3ccfa,MiniMax-M3,coder,True,7.847456900053658,from_scratch,True,True,executable_on_4_feature_fixtures
648,,calibration,True,expanded_caps,True,True,,stop,2196,649,cal-c-c1-t0-r1,True,4096,3949,3855,1,0706c37f5fc01c5533d93c3c1ac61791,MiniMax-M3,coder,True,14.799298999947496,from_scratch,True,True,executable_on_4_feature_fixtures
640,,calibration,True,legacy_caps,True,True,,stop,2244,665,cal-c-c0-t1-r2,True,2000,1016,923,2,0706c38e2b407c8cba0a35930f3fa9c9,MiniMax-M3,coder,True,10.262877100030892,parent_revision,True,True,executable_on_4_feature_fixtures
896,,calibration,True,expanded_caps,True,,,stop,2969,930,cal-p-c1-t2-r2,True,4096,3798,0,2,0706c3982c569e1ff685a457888b74e6,MiniMax-M3,planner,True,38.705695200013,reference_revision,True,True,valid
694,,calibration,True,expanded_caps,True,True,,stop,2314,695,cal-c-c1-t2-r1,True,4096,1562,1453,1,0706c3bf6b81ae45ba1a85f37722d807,MiniMax-M3,coder,True,5.0673960000276566,reference_revision,True,True,executable_on_4_feature_fixtures
705,,calibration,False,legacy_caps,True,,,length,2356,706,cal-p-c0-t0-r0,False,1800,1800,1799,0,0706c3c48cfafe44571eb0857e488789,MiniMax-M3,planner,False,8.977299200021662,from_scratch,True,False,final_json_missing_or_malformed
648,,calibration,True,expanded_caps,True,True,,stop,2196,649,cal-c-c1-t0-r2,True,4096,2075,1978,2,0706c3cd4c6d9632a1545259327b31ff,MiniMax-M3,coder,True,8.291234800009988,from_scratch,True,True,executable_on_4_feature_fixtures
128,,calibration,True,expanded_caps,True,,,stop,2354,707,cal-p-c1-t0-r1,True,4096,2188,0,1,0706c3d53b44af82b30a91e98b52b329,MiniMax-M3,planner,True,28.865078500006348,from_scratch,True,True,valid
128,,calibration,True,expanded_caps,True,True,,stop,2242,665,cal-c-c1-t1-r0,True,4096,1146,0,0,0706c3f2ed40813bc0b8ec5a8e103003,MiniMax-M3,coder,True,12.782083199941553,parent_revision,True,True,executable_on_4_feature_fixtures
128,,acceptance,True,expanded_caps,True,,,stop,2350,706,acc-p-t0-r0,True,4096,2822,0,0,0706c3ff040941e8b66e534bbd6226c4,MiniMax-M3,planner,True,38.16749100002926,from_scratch,True,True,valid
,,acceptance,False,expanded_caps,True,,,length,2351,705,acc-p-t0-r1,False,4096,4096,,1,0706c425a05c8a590bd678eab2d0f67e,MiniMax-M3,planner,False,53.64224940002896,from_scratch,True,False,final_json_missing_or_malformed
128,,acceptance,True,expanded_caps,True,,,stop,2353,706,acc-p-t0-r2,True,4096,2413,2257,2,0706c45b26ec95590de33c70b5d0bc66,MiniMax-M3,planner,True,10.200987200019881,from_scratch,True,True,valid
128,,acceptance,True,expanded_caps,True,,,stop,2352,705,acc-p-t0-r3,True,4096,2353,0,3,0706c465592e06b17d98acb5bb36c652,MiniMax-M3,planner,True,33.19146640005056,from_scratch,True,True,valid
128,,acceptance,True,expanded_caps,True,,,stop,2353,706,acc-p-t0-r4,True,4096,3010,2894,4,0706c48682c47b17cd320a8ce8a44748,MiniMax-M3,planner,True,11.800324599957094,from_scratch,True,True,valid
128,,acceptance,True,expanded_caps,True,,,stop,2350,705,acc-p-t0-r5,True,4096,4089,3971,5,0706c492fe037a0e7f6944a98c320328,MiniMax-M3,planner,True,14.85840519994963,from_scratch,True,True,valid
128,,acceptance,False,expanded_caps,True,,,length,2688,826,acc-p-t1-r0,True,4096,4096,4003,0,0706c4a172b29e648b430100d1306429,MiniMax-M3,planner,True,15.903684699907899,parent_revision,True,False,incomplete_output
128,,acceptance,True,expanded_caps,True,,,stop,2692,828,acc-p-t1-r1,True,4096,3677,0,1,0706c4b1c0f917cb2ba048d75d098359,MiniMax-M3,planner,True,55.014928800053895,parent_revision,True,True,valid
128,,acceptance,True,expanded_caps,True,,,stop,2691,827,acc-p-t1-r2,True,4096,2909,2815,2,0706c4e83ecd8d21d259bd9fccef30b0,MiniMax-M3,planner,True,11.186887299991213,parent_revision,True,True,valid
128,,acceptance,False,expanded_caps,True,,,length,2692,828,acc-p-t1-r3,False,4096,4096,,3,0706c4f344a10097e50564ff7b9ca561,MiniMax-M3,planner,False,21.981073800008744,parent_revision,True,False,final_json_missing_or_malformed
128,,acceptance,True,expanded_caps,True,,,stop,2689,827,acc-p-t1-r4,True,4096,2688,2571,4,0706c509431b20b884b5e7072acb4f27,MiniMax-M3,planner,True,9.754469000035897,parent_revision,True,True,valid
128,,acceptance,False,expanded_caps,True,,,length,2696,827,acc-p-t1-r5,False,4096,4095,4095,5,0706c513911771fa49af061f830e821c,MiniMax-M3,planner,False,33.5247618999565,parent_revision,True,False,final_json_missing_or_malformed
128,,acceptance,True,expanded_caps,True,,,stop,3016,946,acc-p-t2-r0,True,4096,2374,2269,0,0706c5359453b7b6f47741755623dc5a,MiniMax-M3,planner,True,15.059737500036135,reference_revision,True,True,valid
128,,acceptance,True,expanded_caps,True,,,stop,3031,951,acc-p-t2-r1,True,4096,3952,3814,1,0706c54443939e99c9f8e241461b387c,MiniMax-M3,planner,True,14.543451300007291,reference_revision,True,True,valid
128,,acceptance,True,expanded_caps,True,,,stop,3019,948,acc-p-t2-r2,True,4096,3290,3117,2,0706c5529182f2d73036527c4a3195c7,MiniMax-M3,planner,True,11.40844459994696,reference_revision,True,True,valid
128,,acceptance,True,expanded_caps,True,,,stop,3016,947,acc-p-t2-r3,True,4096,2753,,3,0706c55e123e7161bed3818a60bb9bb9,MiniMax-M3,planner,True,17.81337660003919,reference_revision,True,True,valid
128,,acceptance,True,expanded_caps,True,,,stop,3024,948,acc-p-t2-r4,True,4096,1062,965,4,0706c570973290fa32b5709a6cec59d3,MiniMax-M3,planner,True,4.925304800039157,reference_revision,True,True,valid
128,,acceptance,True,expanded_caps,True,,,stop,3020,947,acc-p-t2-r5,True,4096,1255,,5,0706c575625dc8ede37ec6857e75afad,MiniMax-M3,planner,True,8.028398699942045,reference_revision,True,True,valid
128,,acceptance,True,expanded_caps,True,True,,stop,2192,649,acc-c-t0-r0,True,4096,818,676,0,0706c57d495bd516ac7701903cad4421,MiniMax-M3,coder,True,4.069156200042926,from_scratch,True,True,executable_on_4_feature_fixtures
128,,acceptance,True,expanded_caps,True,True,,stop,2195,649,acc-c-t0-r1,True,4096,1936,0,1,0706c581eff389b62948b322e366762e,MiniMax-M3,coder,True,21.768557699979283,from_scratch,True,True,executable_on_4_feature_fixtures
128,,acceptance,True,expanded_caps,True,True,,stop,2195,649,acc-c-t0-r2,True,4096,3837,,2,0706c597fd6b401924525be6078adf78,MiniMax-M3,coder,True,20.49592850008048,from_scratch,True,True,executable_on_4_feature_fixtures
128,,acceptance,True,expanded_caps,True,True,,stop,2195,649,acc-c-t0-r3,True,4096,1794,1708,3,0706c5ab3723f7561966c9b3c016e559,MiniMax-M3,coder,True,7.73037700005807,from_scratch,True,True,executable_on_4_feature_fixtures
128,,acceptance,True,expanded_caps,True,True,,stop,2195,649,acc-c-t0-r4,True,4096,1385,0,4,0706c5b3bb1d8cbdf5217be11830e3e8,MiniMax-M3,coder,True,13.502683899947442,from_scratch,True,True,executable_on_4_feature_fixtures
128,,acceptance,True,expanded_caps,True,True,,stop,2194,649,acc-c-t0-r5,True,4096,1051,0,5,0706c5c1b8630ccb45e8dbf4e1344173,MiniMax-M3,coder,True,12.43284629995469,from_scratch,True,True,executable_on_4_feature_fixtures
128,,acceptance,True,expanded_caps,True,True,,stop,2272,678,acc-c-t1-r0,True,4096,1217,1134,0,0706c5cd61e466d0accb6aafa6eca40e,MiniMax-M3,coder,True,3.852826000074856,parent_revision,True,True,executable_on_4_feature_fixtures
128,,acceptance,True,expanded_caps,True,True,,stop,2275,678,acc-c-t1-r1,True,4096,1607,1491,1,0706c5d18f8110e96344d99aac354040,MiniMax-M3,coder,True,5.729162500007078,parent_revision,True,True,executable_on_4_feature_fixtures
531,,acceptance,True,expanded_caps,True,True,,stop,2275,678,acc-c-t1-r2,True,4096,1820,1703,2,0706c5d798e7f0ca13e943c657a04f5e,MiniMax-M3,coder,True,5.746547199902125,parent_revision,True,True,executable_on_4_feature_fixtures
128,,acceptance,True,expanded_caps,True,True,,stop,2275,678,acc-c-t1-r3,True,4096,2817,0,3,0706c5dd8a1a7400b043e9a06195bacd,MiniMax-M3,coder,True,30.223020599922165,parent_revision,True,True,executable_on_4_feature_fixtures
128,,acceptance,True,expanded_caps,True,True,,stop,2275,678,acc-c-t1-r4,True,4096,1074,,4,0706c5fb79ebee71a5764d3b45948efe,MiniMax-M3,coder,True,6.715280800010078,parent_revision,True,True,executable_on_4_feature_fixtures
128,,acceptance,True,expanded_caps,True,True,,stop,2274,678,acc-c-t1-r5,True,4096,1341,1254,5,0706c6024f6a96a14cfc3c7fc3e55fe2,MiniMax-M3,coder,True,6.550415199948475,parent_revision,True,True,executable_on_4_feature_fixtures
512,,acceptance,True,expanded_caps,True,True,,stop,2342,708,acc-c-t2-r0,True,4096,1004,0,0,0706c608891aa7d5aebae2f315dffc85,MiniMax-M3,coder,True,7.733554900041781,reference_revision,True,True,executable_on_4_feature_fixtures
128,,acceptance,True,expanded_caps,True,True,,stop,2345,708,acc-c-t2-r1,True,4096,874,779,1,0706c610df0c7c0db92ebc3de45e44e5,MiniMax-M3,coder,True,4.514172099996358,reference_revision,True,True,executable_on_4_feature_fixtures
205,,acceptance,True,expanded_caps,True,True,,stop,2345,708,acc-c-t2-r2,True,4096,620,,2,0706c615df74f0d09c89912d58deacf4,MiniMax-M3,coder,True,5.681103699957021,reference_revision,True,True,executable_on_4_feature_fixtures
128,,acceptance,True,expanded_caps,True,True,,stop,2345,708,acc-c-t2-r3,True,4096,1889,1814,3,0706c61a6faa451ec9998e0efbe0cfab,MiniMax-M3,coder,True,5.841494400054216,reference_revision,True,True,executable_on_4_feature_fixtures
512,,acceptance,True,expanded_caps,True,True,,stop,2345,708,acc-c-t2-r4,True,4096,1703,1604,4,0706c620f9558af06b18f816ddd2fb25,MiniMax-M3,coder,True,11.797032300033607,reference_revision,True,True,executable_on_4_feature_fixtures
128,,acceptance,True,expanded_caps,True,True,,stop,2344,708,acc-c-t2-r5,True,4096,1213,1120,5,0706c62cb42a0dda4436bd7273719296,MiniMax-M3,coder,True,4.008941699983552,reference_revision,True,True,executable_on_4_feature_fixtures
256,e2e-t0-r0,end_to_end,True,expanded_caps,True,,,stop,2353,706,e2e-t0-r0-p,True,4096,3926,3750,0,0706c630e0cea697464ff562de8c4da5,MiniMax-M3,planner,True,28.980471099959686,from_scratch,True,True,valid
205,e2e-t0-r0,end_to_end,True,expanded_caps,True,True,,stop,2535,744,e2e-t0-r0-c,True,4096,2057,,0,0706c64d1d16ec25653b0e01bf02aca6,MiniMax-M3,coder,True,10.811760599957779,from_scratch,True,True,executable_on_4_feature_fixtures
128,e2e-t0-r1,end_to_end,True,expanded_caps,True,,,stop,2350,705,e2e-t0-r1-p,True,4096,2704,,1,0706c65889ea9a3d4b504f2ef9e20c83,MiniMax-M3,planner,True,14.694183600018732,from_scratch,True,True,valid
384,e2e-t0-r1,end_to_end,True,expanded_caps,True,True,,stop,2534,708,e2e-t0-r1-c,True,4096,3649,0,1,0706c6670e6c3e2a4869b38fb9b15724,MiniMax-M3,coder,True,39.01175920001697,from_scratch,True,True,executable_on_4_feature_fixtures
128,e2e-t1-r0,end_to_end,True,expanded_caps,True,,,stop,2688,826,e2e-t1-r0-p,True,4096,2823,2686,0,0706c68e4b8e424d2f01ed7a5e2faf3c,MiniMax-M3,planner,True,11.831024599960074,parent_revision,True,True,valid
384,e2e-t1-r0,end_to_end,True,expanded_caps,True,True,,stop,2533,739,e2e-t1-r0-c,True,4096,917,0,0,0706c69a6c2a8a372851b7d392218ef3,MiniMax-M3,coder,True,12.908593200030737,parent_revision,True,True,executable_on_4_feature_fixtures
128,e2e-t1-r1,end_to_end,True,expanded_caps,True,,,stop,2697,828,e2e-t1-r1-p,True,4096,2707,,1,0706c6a7cb8b26a7c4c7bd77b6c93ad1,MiniMax-M3,planner,True,16.330627800081857,parent_revision,True,True,valid
128,e2e-t1-r1,end_to_end,True,expanded_caps,True,True,,stop,2565,734,e2e-t1-r1-c,True,4096,3142,3092,1,0706c6b71508d3d680b75549fb981029,MiniMax-M3,coder,True,9.656130600022152,parent_revision,True,True,executable_on_4_feature_fixtures
128,e2e-t2-r0,end_to_end,True,expanded_caps,True,,,stop,3022,946,e2e-t2-r0-p,True,4096,1891,,0,0706c6c1ca449ec515e5c9e60e41d33d,MiniMax-M3,planner,True,12.209774499991909,reference_revision,True,True,valid
512,e2e-t2-r0,end_to_end,True,expanded_caps,True,True,,stop,2354,718,e2e-t2-r0-c,True,4096,559,512,0,0706c6cdb95c5c3483bf7e8930020c01,MiniMax-M3,coder,True,5.4013578000012785,reference_revision,True,True,executable_on_4_feature_fixtures
128,e2e-t2-r1,end_to_end,True,expanded_caps,True,,,stop,3022,949,e2e-t2-r1-p,True,4096,1159,0,1,0706c6d31b76f9d5e65bee0db9cbd865,MiniMax-M3,planner,True,18.212131700012833,reference_revision,True,True,valid
128,e2e-t2-r1,end_to_end,True,expanded_caps,True,True,,stop,2891,811,e2e-t2-r1-c,True,4096,697,646,1,0706c6e50f25e9e85c1992911bd7afe3,MiniMax-M3,coder,True,2.9965770000126213,reference_revision,True,True,executable_on_4_feature_fixtures
