job_id,step,stage,request_state,requested_model,returned_model,max_tokens,input_tokens,output_tokens,usage_complete,seconds,finish_reason,output_at_limit,unclosed_thinking_block,response_received_utc,request_id,raw_response_sha256
minimax-relational_branch-b8,0,planner,response_persisted,MiniMax-M3,MiniMax-M3,1800,1304,1800,True,26.454936599940993,length,True,False,2026-09-25T18:50:54.664231+00:00,0705f5748ac4aca708f61835acbc2677,f3aa07dfaf7517fb5d0a5de291b2b14bb01064258559acb3029d970ba04a6a0e
minimax-relational_branch-b8,1,planner,response_persisted,MiniMax-M3,MiniMax-M3,1800,1170,1800,True,6.36299880000297,length,True,False,2026-09-25T18:51:01.088755+00:00,0705f58e434bbcabafff2a4c2ffb6a92,9c177abbb8dd37e59a920b28a7ae764ee35f9847c096759a0c608139d224000f
minimax-relational_branch-b8,2,coder,response_persisted,MiniMax-M3,MiniMax-M3,2000,750,1636,True,5.3620981000131,stop,False,False,2026-09-25T18:51:32.654534+00:00,0705f5afd065d61a3f58687823f19752,330619b81b89cdb7a9b2d128381f817732f0c8894d3a1581adefec6e13ba8109
minimax-relational_branch-b8,2,planner,response_persisted,MiniMax-M3,MiniMax-M3,1800,1236,1641,True,26.101401600055397,stop,False,False,2026-09-25T18:51:27.257365+00:00,0705f595a1d7382335be86740c14d27a,2c36bee082b989dfd068e44c7122182a820f82cf23ac5381f777b91fdf551284
minimax-relational_branch-b8,3,coder,response_persisted,MiniMax-M3,MiniMax-M3,2000,763,1488,True,8.462487899931148,stop,False,False,2026-09-25T18:51:52.075792+00:00,0705f5bf945f6a4aa7c26e6db43d3efe,1a1fa3c199ca14665f9969d2a0a0a4e4df2ec37384cc88ee8ed7452dea98e408
minimax-relational_branch-b8,3,planner,response_persisted,MiniMax-M3,MiniMax-M3,1800,1288,1581,True,10.661624599946663,stop,False,False,2026-09-25T18:51:43.579097+00:00,0705f5b50b51151d982d30b65e36fb8f,8bcef7d24e2201f42367c66939961ae5125312da7e8e2928e66ec907e12658bf
minimax-relational_branch-b8,4,planner,response_persisted,MiniMax-M3,MiniMax-M3,1800,1255,1800,True,14.74667230003979,length,True,False,2026-09-25T18:52:07.104077+00:00,0705f5c844f6847f33ca3efc2b07be71,0281aa286ace848272445e869f23c43b18af2d3612bbfb748fea5d46cfefc95f
minimax-relational_branch-b8,5,planner,response_persisted,MiniMax-M3,MiniMax-M3,1800,1321,1800,True,6.643778000026941,length,True,False,2026-09-25T18:52:13.820994+00:00,0705f5d76d67f9e55414ce9d5fbfae54,1057c630e8e46e5f5ff55b66e790514be31910108f2920bfe114344b329fb377
minimax-relational_branch-b8,6,planner,response_persisted,MiniMax-M3,MiniMax-M3,1800,1129,1799,True,14.199562499998137,length,False,False,2026-09-25T18:52:28.090039+00:00,0705f5de00474c0f9a0e3ce82ec078fd,bf33ee9933e01c742c85eaa4c7abe4fc0e027976604c112b31504e5946c8d318
minimax-relational_branch-b8,7,planner,response_persisted,MiniMax-M3,MiniMax-M3,1800,1128,1800,True,6.689881500089541,length,True,False,2026-09-25T18:52:34.851825+00:00,0705f5ec61e8808ad2b517f5eee74c0b,3a671d46f68a8db0144477491a61169f5cec1790f16548f098c495010d092e6f
minimax-relational_branch-b3,0,coder,response_persisted,MiniMax-M3,MiniMax-M3,2000,722,2000,True,6.729480499983765,length,True,False,2026-09-25T18:52:55.625362+00:00,0705f6017a900786801b6d2c6fea4b76,896b81dceb4af6b389d634c74e0ee40c5d7c42fb6b19988cd5a6a1507460420a
minimax-relational_branch-b3,0,planner,response_persisted,MiniMax-M3,MiniMax-M3,1800,1295,1408,True,6.538031700067222,stop,False,False,2026-09-25T18:52:48.862906+00:00,0705f5fa97385356cff15b25a6acb049,f0a2711253700b117d5d8fa664bd67f9fb86be05f6cbd8307396a8751292a150
minimax-relational_branch-b3,1,planner,response_persisted,MiniMax-M3,MiniMax-M3,1800,1217,1800,True,10.531991299940273,length,True,False,2026-09-25T18:53:06.236011+00:00,0705f607757fcac7e3f59dc67d073214,e486208d758559356051e78c80ccd87c60b4757c4fb5c895820306624a3651c9
minimax-relational_branch-b3,2,coder,response_persisted,MiniMax-M3,MiniMax-M3,2000,784,368,True,1.7840387999312952,stop,False,False,2026-09-25T18:53:12.938606+00:00,0705f61711556f9d758143ab4103ee50,5f0cf9f03034cda2a218e2051ad4c340cb856fe7eed2162435932ede8219b053
minimax-relational_branch-b3,2,planner,response_persisted,MiniMax-M3,MiniMax-M3,1800,1274,1347,True,4.816546899965033,stop,False,False,2026-09-25T18:53:11.122301+00:00,0705f61242982154f46f162febbcfcd4,60d213b40d03346adefb75b75056d8e02994982791d3dbae8329610f15831908
minimax-relational_branch-b3,3,planner,response_persisted,MiniMax-M3,MiniMax-M3,1800,1336,1800,True,6.072555399965495,length,True,False,2026-09-25T18:53:19.291340+00:00,0705f619e90954cbed79b30234747496,f5e902b0dafc05e5ecdf3a6505ba475a14ad64ebef9f11e9a5ce93f73d96489c
minimax-relational_branch-b3,4,planner,response_persisted,MiniMax-M3,MiniMax-M3,1800,1053,1800,True,6.563263399992138,length,True,False,2026-09-25T18:53:25.921854+00:00,0705f61f70ad738b0a730d4c40c0c806,673101a68653a990c58bc8babba90938a8d396d5c426bac96928c9228736e395
minimax-relational_branch-b3,5,planner,response_persisted,MiniMax-M3,MiniMax-M3,1800,1119,1800,True,7.229139900067821,length,True,False,2026-09-25T18:53:33.223785+00:00,0705f6269e6c7212a3d48559c6d2f907,eb6ff7dc58a4992f1e321104f7a4c370589c61e33cf2a6f29f9ca144eefa5a88
minimax-relational_branch-b3,6,planner,response_persisted,MiniMax-M3,MiniMax-M3,1800,1031,1800,True,8.798896700027399,length,True,False,2026-09-25T18:53:42.095481+00:00,0705f62d77f9b16d664041845c04a220,b624126c6fec465599909cb4da98206b8f5c7001de4b4071484f224091e34c7e
minimax-relational_branch-b3,7,planner,response_persisted,MiniMax-M3,MiniMax-M3,1800,1038,1800,True,12.016842899960466,length,True,False,2026-09-25T18:53:54.189622+00:00,0705f63607d0b31738b95a31cfc0bff9,025d0b6f4e860749d07ae9d72e869c359e83137f39ef53a25da9d71717d2316f
minimax-relational_branch-b7,0,coder,response_persisted,MiniMax-M3,MiniMax-M3,2000,743,2000,True,7.419712299946696,length,True,False,2026-09-25T18:54:13.870026+00:00,0705f64e5a406604a7585c69674890e9,1cb2a849fb87d3bb72ed5237649298631dc0221138acc738b991b6ddb88c7e23
minimax-relational_branch-b7,0,planner,response_persisted,MiniMax-M3,MiniMax-M3,1800,1283,1213,True,4.7454541000770405,stop,False,False,2026-09-25T18:54:06.415782+00:00,0705f6493d3825a1ccd12d0a1f95174b,cf555f4185bedbc913ac8f426d5752fdbd88f89018564dfb26b7ce8cd9ed8393
minimax-relational_branch-b7,1,planner,response_persisted,MiniMax-M3,MiniMax-M3,1800,1241,1800,True,6.6008421999868006,length,True,False,2026-09-25T18:54:20.542232+00:00,0705f6568c118183013e855919a29f69,591b94f77caa91865a598922ded07a38f74efc3ea1316cf19807e5299f944767
minimax-relational_branch-b7,2,coder,response_persisted,MiniMax-M3,MiniMax-M3,2000,761,620,True,2.760884699993767,stop,False,False,2026-09-25T18:54:33.959676+00:00,0705f667793c835909dc01a78e234996,d49c2a3b49f660e8f54a96b134d2af3b2488ca16a447efc83e3aedf0dc105624
minimax-relational_branch-b7,2,planner,response_persisted,MiniMax-M3,MiniMax-M3,1800,1306,1611,True,10.551504999981262,stop,False,False,2026-09-25T18:54:31.160883+00:00,0705f65cb54a99c53ccd2097887a0273,6ac638d2ee681b03ccd4819d43468b6c836ede27ca2cc93fe0674a8851b36aa7
minimax-relational_branch-b7,3,coder,response_persisted,MiniMax-M3,MiniMax-M3,2000,773,699,True,3.461190600064583,stop,False,False,2026-09-25T18:54:44.096109+00:00,0705f670e000d9065a3609f96adc9057,4771fea1b0d0e812ebfa5aa8ecf88da4a7b9e201b66e73d2265feab50cd7047a
minimax-relational_branch-b7,3,planner,response_persisted,MiniMax-M3,MiniMax-M3,1800,1322,1269,True,6.354915200034156,stop,False,False,2026-09-25T18:54:40.592060+00:00,0705f66a81c7244141c300460f39a362,4b8334531ec58880fa3cca41ba7d834fa5839fc4d69257dbd2327d7ed1432eac
minimax-relational_branch-b7,4,planner,response_persisted,MiniMax-M3,MiniMax-M3,1800,1277,1800,True,29.15161319996696,length,True,False,2026-09-25T18:55:13.537091+00:00,0705f67447c91b5cf743355c43da2377,716937769a171d314e3a30cfcc3dc997e85961dbf80d23bfa4743a3ceac037cd
minimax-relational_branch-b7,5,planner,response_persisted,MiniMax-M3,MiniMax-M3,1800,1343,1800,True,6.18638510000892,length,True,False,2026-09-25T18:55:19.793473+00:00,0705f6911daa6e17c8e7068b47ee997c,1076dc421e59088ecc594c26158538bbfab22c6feecbae29430e0e518106bedc
minimax-relational_branch-b7,6,planner,response_persisted,MiniMax-M3,MiniMax-M3,1800,1025,1800,True,8.140576399979182,length,True,False,2026-09-25T18:55:28.009523+00:00,0705f698851a652c3aaf04629ca92e7c,083165d80d1ad2c777ee83f22402d1dfbac47c988c48852299b910e670e5fa6f
minimax-relational_branch-b7,7,planner,response_persisted,MiniMax-M3,MiniMax-M3,1800,1111,1799,True,13.655115199973807,length,False,False,2026-09-25T18:55:41.740237+00:00,0705f6a0c88bef5b082a1327583bc561,ef50b042c39a55f8cb8d18b5195b2bf46c28594ebc42839279bcdffcf4918b93
minimax-niche_fixed_dev-b8,0,planner,response_persisted,MiniMax-M3,MiniMax-M3,1800,1304,1800,True,31.915719300042838,length,True,False,2026-09-25T18:56:21.091882+00:00,0705f6b5e1732d76050460cce6f33e97,bb1e31e4e93d8490d0c2b5b56b28b4a259298cbceba8161e77c0321f4d0e559a
minimax-niche_fixed_dev-b8,1,planner,response_persisted,MiniMax-M3,MiniMax-M3,1800,1170,1800,True,7.029002099996433,length,True,False,2026-09-25T18:56:28.187373+00:00,0705f6d5ff998500bd580bf2540148d8,d9da0e2d36016dbb77e9089980d2c90a369c4dd411dc6cf9c603158cc4aa37ab
minimax-niche_fixed_dev-b8,2,planner,response_persisted,MiniMax-M3,MiniMax-M3,1800,1236,1800,True,25.850309500005096,length,True,False,2026-09-25T18:56:54.104248+00:00,0705f6dc1010bee15926cb46bcd89716,debe6a149b16e9bcf77fc171a9da65ac641e97aee044f29df18ff8ecc03f3998
minimax-niche_fixed_dev-b8,3,planner,response_persisted,MiniMax-M3,MiniMax-M3,1800,1037,1800,True,7.976332899997942,length,True,False,2026-09-25T18:57:02.153455+00:00,0705f6f654d35b80048730d2f12a7cf3,d3eb0bb2d631b1fbc1efda01c8dc54d2f7708e5b1b445c2ff396baa84c6d9ed7
minimax-niche_fixed_dev-b8,4,planner,response_persisted,MiniMax-M3,MiniMax-M3,1800,836,1799,True,22.751811500056647,length,False,False,2026-09-25T18:57:24.972239+00:00,0705f6feb28880b11b9c6792aeeb8426,c9708aa748f2f54825dc87b45835c28c96baf77345494ed1a3816069dc648905
minimax-niche_fixed_dev-b8,5,planner,response_persisted,MiniMax-M3,MiniMax-M3,1800,1233,1800,True,7.379089399939403,length,True,False,2026-09-25T18:57:32.420038+00:00,0705f7158b1ada85c14505fe81849153,f4e8b486d59e38950b9809fafd08c105c22bf97228c446eec92ece40867162cc
minimax-niche_fixed_dev-b8,6,planner,response_persisted,MiniMax-M3,MiniMax-M3,1800,1036,1800,True,11.432517199893482,length,True,False,2026-09-25T18:57:43.922450+00:00,0705f71c6ea5712585235b9b0f909b58,874de3dc2c3b50b36cb0b5e4900d1013ee98e2229cdc1886074b9d7b54b01733
minimax-niche_fixed_dev-b8,7,planner,response_persisted,MiniMax-M3,MiniMax-M3,1800,1035,1800,True,6.545212900033221,length,True,False,2026-09-25T18:57:50.538025+00:00,0705f728db9f3b807ed233def8cd6218,fe8f0c376cafb4a3ce5f4f9a260e5ac5527ab0606193cfe43e6982e1a977d942
minimax-relational_branch-b6,0,planner,response_persisted,MiniMax-M3,MiniMax-M3,1800,1316,1800,True,6.9726219000294805,length,True,False,2026-09-25T18:58:04.909573+00:00,0705f736ec02d8b6e608f15b28460f1c,f4d0cc16ef959bf978d2357cbc00d7733389a314a8d7983373df0957cb5d93d9
minimax-relational_branch-b6,1,planner,response_persisted,MiniMax-M3,MiniMax-M3,1800,1179,1800,True,6.300414299941622,length,True,False,2026-09-25T18:58:11.279067+00:00,0705f73d05f8ae78f7473e15dad58fef,a9b8471e54f360722b7b941ae1eb7adcad71787ad5fb580b54fcf26cc3a007be
minimax-relational_branch-b6,2,coder,response_persisted,MiniMax-M3,MiniMax-M3,2000,751,1372,True,8.910763900028542,stop,False,False,2026-09-25T18:58:24.556509+00:00,0705f747c23e79170915c744f2fed565,6298c493aab575631fd32601a89267796f85ea5a25ebef176658c68949703e9d
minimax-relational_branch-b6,2,planner,response_persisted,MiniMax-M3,MiniMax-M3,1800,1042,952,True,4.271831600111909,stop,False,False,2026-09-25T18:58:15.613343+00:00,0705f743c15fa074885f44fedd37d973,2ccd34df3af02ac13635b4092d4a4e06837d1f6428145510865e1df168f30c6c
minimax-relational_branch-b6,3,planner,response_persisted,MiniMax-M3,MiniMax-M3,1800,1410,1799,True,20.319440599996597,length,False,False,2026-09-25T18:58:45.157211+00:00,0705f751b1f54199444e718826e61b3d,1a2baee34b2d4806b3014d7f42129e9e5d95b51134b60f655dc366802cd14687
minimax-relational_branch-b6,4,planner,response_persisted,MiniMax-M3,MiniMax-M3,1800,1090,1800,True,13.714145500096492,length,True,False,2026-09-25T18:58:58.936631+00:00,0705f765677ee10be596a61f94f029f5,c597c673c9b06e68e9a186c3774cff24522f7ed079bc7146153d5d5220a2071f
minimax-relational_branch-b6,5,planner,response_persisted,MiniMax-M3,MiniMax-M3,1800,1156,1800,True,6.205170399975032,length,True,False,2026-09-25T18:59:05.216465+00:00,0705f77370e468d179a4ae75527bf9cf,fc74ae19727bcac28bbd3b0d1dbf957335eb6b1f6e27be64163a99c6e227c4b7
minimax-relational_branch-b6,6,planner,response_persisted,MiniMax-M3,MiniMax-M3,1800,1041,1800,True,7.46484979998786,length,True,False,2026-09-25T18:59:12.747204+00:00,0705f77980b0322bac5b52eca5ecd538,5f7c2e7aa0b03951fcfd0c07a43e16b940713ab881e1b786219d5605316f2519
minimax-relational_branch-b6,7,planner,response_persisted,MiniMax-M3,MiniMax-M3,1800,1040,1800,True,7.449313299963251,length,True,False,2026-09-25T18:59:20.264699+00:00,0705f7809077bde35620ed514052951c,001d5c77f5c7677c490791f879f08e77feba1b4ad007e7d15de1457fbf35e4a8
minimax-niche_fixed_dev-b10,0,planner,response_persisted,MiniMax-M3,MiniMax-M3,1800,1279,1800,True,6.932655800017528,length,True,False,2026-09-25T18:59:34.607847+00:00,0705f78f8e51305824d3e43bc588467d,ab1b417a090bed66c8f27ed24caa129042e82bc1262125a61ebea94a897d63aa
minimax-niche_fixed_dev-b10,1,planner,response_persisted,MiniMax-M3,MiniMax-M3,1800,1154,1800,True,16.19369830004871,length,True,False,2026-09-25T18:59:50.861945+00:00,0705f7965006fb14fc2ff1bad1a9a840,4e185dfceb301022d34145a353318757bee220fd31bdf7e6da43387c1beb8b11
minimax-niche_fixed_dev-b10,2,planner,response_persisted,MiniMax-M3,MiniMax-M3,1800,1030,1800,True,10.582952800090425,length,True,False,2026-09-25T19:00:01.513031+00:00,0705f7a7845997c256b0abbc11069b0a,1d28ac1012a764878fabcbb8f7f25ad063b80188142a473e5105de7aefb6bcc7
minimax-niche_fixed_dev-b10,3,planner,response_persisted,MiniMax-M3,MiniMax-M3,1800,1029,1800,True,12.096867299987935,length,True,False,2026-09-25T19:00:13.677840+00:00,0705f7b18f1e402b070d1873caf3a7ae,1e8dd23ccbeae0b05c2c9c207609ca00132b44595700ce0823543646d825195e
minimax-niche_fixed_dev-b10,4,planner,response_persisted,MiniMax-M3,MiniMax-M3,1800,836,1799,True,17.64410889998544,length,False,False,2026-09-25T19:00:31.386067+00:00,0705f7bd8fec237c95b8ccd880315816,01bb12a910f6f40112101a8df736f92e897df53f47a649f9635751ef9432f26d
minimax-niche_fixed_dev-b10,5,planner,response_persisted,MiniMax-M3,MiniMax-M3,1800,1027,1800,True,7.626128699979745,length,True,False,2026-09-25T19:00:39.078801+00:00,0705f7cfddeee95f4435a26d8e482a88,2ac96078034794ab88059d1665d974a8a0e698e2eaef78b3139bac802a8ecec5
minimax-niche_fixed_dev-b10,6,planner,response_persisted,MiniMax-M3,MiniMax-M3,1800,1028,1800,True,8.382225300068967,length,True,False,2026-09-25T19:00:47.529986+00:00,0705f7d790274bcb562eacd546489838,253f1334c148f85a7c1d91d87b0b854715a098e661272b9d9f1af5f5117dd02e
minimax-niche_fixed_dev-b10,7,planner,response_persisted,MiniMax-M3,MiniMax-M3,1800,1027,1800,True,29.922234800062142,length,True,False,2026-09-25T19:01:17.522225+00:00,0705f7dfc856cae8ea55365e22771d60,c915c3f7921c6ad37dc6ecd8d512e40b03262634c614128bc390af01ab141cd8
minimax-niche_fixed_dev-b5,0,planner,response_persisted,MiniMax-M3,MiniMax-M3,1800,1282,1800,True,8.893120300024748,length,True,False,2026-09-25T19:01:34.388898+00:00,0705f8050589dce6cfbedb2ed506c050,92f70fa4736d909b8c4a3d2700d2ef01236733aa56c8a5b630a45d54a8802f82
minimax-niche_fixed_dev-b5,1,planner,response_persisted,MiniMax-M3,MiniMax-M3,1800,1156,1800,True,7.759029399952851,length,True,False,2026-09-25T19:01:42.213399+00:00,0705f80eb15bd02549575300949e6c01,7bdc019049687722f5e34ae35c33b32e2e9883f6d0a20c0853ad506ba91cbc65
minimax-niche_fixed_dev-b5,2,coder,response_persisted,MiniMax-M3,MiniMax-M3,2000,772,484,True,7.216268600081094,stop,False,False,2026-09-25T19:01:53.999361+00:00,0705f81b8096476e1913622252ea5a66,32eb76965f60140b1ebc97c6542bd1636334e2ed60f3322f69f0e93be6f19768
minimax-niche_fixed_dev-b5,2,planner,response_persisted,MiniMax-M3,MiniMax-M3,1800,1222,984,True,4.471059800009243,stop,False,False,2026-09-25T19:01:46.751039+00:00,0705f816cc9e6dfba017f4fa2304b333,d5832ce07c96f1e4ddc007e0fc1fcf77251d25f98d45a82c1d183bc998a2be07
minimax-niche_fixed_dev-b5,3,planner,response_persisted,MiniMax-M3,MiniMax-M3,1800,1226,1800,True,8.656975500052795,length,True,False,2026-09-25T19:02:02.917115+00:00,0705f822ae1594f0925a093abc9e413e,a573c2c53ca67ab35e8a0c102f28625ad13f6061910b286b7b61ff38a52518f0
minimax-niche_fixed_dev-b5,4,coder,response_persisted,MiniMax-M3,MiniMax-M3,2000,732,1238,True,8.22106269991491,stop,False,False,2026-09-25T19:02:15.998157+00:00,0705f82fd5456030fc76e85076bfd18a,12035a1b1c8ed12733298123124e595646fe190ae411cfdba2361630d5d838d7
minimax-niche_fixed_dev-b5,4,planner,response_persisted,MiniMax-M3,MiniMax-M3,1800,1032,1226,True,4.757843300001696,stop,False,False,2026-09-25T19:02:07.740598+00:00,0705f82b9e9ec2bc64de55ea73718824,ae85a758ef46ff25c6c6742003a70b53f2f9563dbe8d0b4b67fb55beb7dad7c4
minimax-niche_fixed_dev-b5,5,coder,response_persisted,MiniMax-M3,MiniMax-M3,2000,842,928,True,13.297241499996744,stop,False,False,2026-09-25T19:02:54.897939+00:00,0705f851adcec9d3ea523114021d3acf,1c9e42b22fa09bd80db398c704e5123e78772693bedd02f67b6d34eff91568ef
minimax-niche_fixed_dev-b5,5,planner,response_persisted,MiniMax-M3,MiniMax-M3,1800,1537,1699,True,25.261717399931513,stop,False,False,2026-09-25T19:02:41.564930+00:00,0705f838c230193768cd426a0d9b52d1,fe27fe9b6df7aa26feeefa5e850a0ba834f7e18a8d61872c70eaf0438fbc200a
minimax-niche_fixed_dev-b5,6,planner,response_persisted,MiniMax-M3,MiniMax-M3,1800,1675,1800,True,8.449590399977751,length,True,False,2026-09-25T19:03:03.611282+00:00,0705f85f6f54ff9ea972c37a460d0786,5d845117a4bfd4af8c364b8fba661118051530fe5f2796d17cd35c896829d5b2
minimax-niche_fixed_dev-b5,7,planner,response_persisted,MiniMax-M3,MiniMax-M3,1800,1426,1799,True,12.95768200000748,length,False,False,2026-09-25T19:03:16.644372+00:00,0705f86785dd8006933a4f248aa1b938,aff577354673fdb3d70bd21ab397e837808c731cdf771b37b41647532af0dd69
minimax-niche_fixed_dev-b6,0,planner,response_persisted,MiniMax-M3,MiniMax-M3,1800,1316,1800,True,10.162407799973153,length,True,False,2026-09-25T19:03:34.195946+00:00,0705f87cbd99f543c71ddda7403c8e77,6b328e8135a1ea3e95d676c32cda83fcdc938c0329f7d7e4daa5caf7a21e6366
minimax-niche_fixed_dev-b6,1,planner,response_persisted,MiniMax-M3,MiniMax-M3,1800,1179,1800,True,7.704675100045279,length,True,False,2026-09-25T19:03:41.962048+00:00,0705f8866689b05e12eb542acece92f0,d62e53f949fab860f0ea699587fc9aea192e7afd05796eccaa8f307599b1b323
minimax-niche_fixed_dev-b6,2,planner,response_persisted,MiniMax-M3,MiniMax-M3,1800,1042,1800,True,6.652355599915609,length,True,False,2026-09-25T19:03:48.679626+00:00,0705f88e8a6aee17df78f0ace772951d,97f227e9b02d7a3c45b7b21626e2d0a8aaa42d7502ff06696eb1e390b88168ae
minimax-niche_fixed_dev-b6,3,planner,response_persisted,MiniMax-M3,MiniMax-M3,1800,1041,1800,True,27.21356950001791,length,True,False,2026-09-25T19:04:15.959104+00:00,0705f894f33b70e9fd42633b57b03c10,a387530f2f42d75e44e287deaccbecb16175045a9618da4fa9194625cd708d8a
minimax-niche_fixed_dev-b6,4,planner,response_persisted,MiniMax-M3,MiniMax-M3,1800,836,1799,True,16.37649950000923,length,False,False,2026-09-25T19:04:32.398947+00:00,0705f8b09ce344b1a30303ddd086d5a9,1e7a6ff597923941d78c9a312a2c12b0dea591cb4a5f83bd7e44934a40810251
minimax-niche_fixed_dev-b6,5,planner,response_persisted,MiniMax-M3,MiniMax-M3,1800,1039,1800,True,6.024522299994715,length,True,False,2026-09-25T19:04:38.491421+00:00,0705f8c03e911f2936734c037345393c,2ac4cb2bace5ed0e2117a03e3ff9949362530c8bb0abf60f5ef846fa4e684255
minimax-niche_fixed_dev-b6,6,planner,response_persisted,MiniMax-M3,MiniMax-M3,1800,1040,1800,True,26.340671199955977,length,True,False,2026-09-25T19:05:04.898853+00:00,0705f8c6bed6db7884c3f90ebd4272b3,e07f8bd35f909ea2784bb20f84cb63f7e2c92fe17aa730e2cd25ed4dd6df2ac9
minimax-niche_fixed_dev-b6,7,coder,response_persisted,MiniMax-M3,MiniMax-M3,2000,769,2000,True,8.940423199906945,length,True,False,2026-09-25T19:05:24.360030+00:00,0705f8eba8c5d0e7183070390530a61b,acc8ebaa3aceba417bbd10cb4d942bb3833005e400d019f6005aad018b8b1257
minimax-niche_fixed_dev-b6,7,planner,response_persisted,MiniMax-M3,MiniMax-M3,1800,1039,1392,True,10.420649099978618,stop,False,False,2026-09-25T19:05:15.386375+00:00,0705f8e16b178bd93e79fbaa45390eda,8fdf2e53e56a3126960bfbf00f2af19a08ce2472117bb77f4d18207bb2b64733
minimax-niche_fixed_dev-b7,0,coder,response_persisted,MiniMax-M3,MiniMax-M3,2000,744,444,True,2.1005417000269517,stop,False,False,2026-09-25T19:05:38.189847+00:00,0705f900e40adcf7c68ed70d0ce6ec2a,4d8da973881d76253489f82cab394f9f54d4e499e5df05619f84a4ff0feccbc6
minimax-niche_fixed_dev-b7,0,planner,response_persisted,MiniMax-M3,MiniMax-M3,1800,1283,853,True,4.3225653999252245,stop,False,False,2026-09-25T19:05:36.053991+00:00,0705f8fbcbd51ec404ffa00ab667f9d0,2b11d4c45b7ae5bd71ae5e88cd69a78453036cf015740f0a10afc4c1d6cb94cf
minimax-niche_fixed_dev-b7,1,planner,response_persisted,MiniMax-M3,MiniMax-M3,1800,1447,1799,True,14.767959299962968,length,False,False,2026-09-25T19:05:53.220484+00:00,0705f9028ba7ee39e219681044dde976,aeba6e89acd86d9d8bfdfa12c7f88ade7344ff75ddb6e50c74c8c825ca27b5b5
minimax-niche_fixed_dev-b7,2,planner,response_persisted,MiniMax-M3,MiniMax-M3,1800,1526,1799,True,12.809262299910188,length,False,False,2026-09-25T19:06:06.096651+00:00,0705f91153796561d27b666018fe8789,4896f1ba48f6754ca6cb17bb05f379d509854796941fd4a4e078cacc21bd784f
minimax-niche_fixed_dev-b7,3,planner,response_persisted,MiniMax-M3,MiniMax-M3,1800,1114,1800,True,6.329518300015479,length,True,False,2026-09-25T19:06:12.493653+00:00,0705f91eec75af317d548e2cdcafb993,11812d0616f9c72c7a82426c809f30d72ed67513e685039af2a7641d6f925326
minimax-niche_fixed_dev-b7,4,coder,response_persisted,MiniMax-M3,MiniMax-M3,2000,668,1072,True,5.2329440000467,stop,False,False,2026-09-25T19:06:22.542131+00:00,0705f92926b3e6d31079fb5c184cf1d1,db335dd0a5ee1a12441f8f39ac56224b4daa8867e4577914b3b8d80f0b228af6
minimax-niche_fixed_dev-b7,4,planner,response_persisted,MiniMax-M3,MiniMax-M3,1800,837,1160,True,4.716755399946123,stop,False,False,2026-09-25T19:06:17.276989+00:00,0705f9242c0d7534bd64fcda9a142ff2,d0640a7eeb2f2e58f7c286fad1c7b7fcfb4fe7946c5276fa33895a18fe1dbfd7
minimax-niche_fixed_dev-b7,5,coder,response_persisted,MiniMax-M3,MiniMax-M3,2000,751,761,True,9.446412199991755,stop,False,False,2026-09-25T19:06:50.410492+00:00,0705f941e7d55fd6c99274d5288ba408,62d3df9e5e082b7b4ee45d0e0d38a0daf480ace8e2132f0b0bd809ab1122ee77
minimax-niche_fixed_dev-b7,5,planner,response_persisted,MiniMax-M3,MiniMax-M3,1800,1397,1246,True,18.126531899906695,stop,False,False,2026-09-25T19:06:40.928894+00:00,0705f92e015115e4f9f2b34a3cdcb2fd,194cb88c7bf873273221670a5c63d5703c9ba1fb808c1266ba0d02b288f7a1f9
minimax-niche_fixed_dev-b7,6,planner,response_persisted,MiniMax-M3,MiniMax-M3,1800,1477,1800,True,6.833363400073722,length,True,False,2026-09-25T19:06:57.501575+00:00,0705f94a6d7a35543cbb70aa8ad0b057,09bcea3aa61865f8799327df85379c7a6ca244cc8c11c9e8ff88f9c111a9d5ee
minimax-niche_fixed_dev-b7,7,planner,response_persisted,MiniMax-M3,MiniMax-M3,1800,1284,1800,True,6.195517100044526,length,True,False,2026-09-25T19:07:03.768486+00:00,0705f951d56ece533b5e6d7db6242f34,a54ca48dc9a2643bcc8f452cc88d504813f7f83aba2efd0e3790ae9f3307cfa2
minimax-relational_branch-b5,0,planner,response_persisted,MiniMax-M3,MiniMax-M3,1800,1282,1800,True,6.811504699988291,length,True,False,2026-09-25T19:07:17.969525+00:00,0705f95fe3913b177d4a8a323f4ae08c,8e96af5548ecb9ec5928d25dce03383173ba0cd4fa953267d12cb9b35b56872d
minimax-relational_branch-b5,1,planner,response_persisted,MiniMax-M3,MiniMax-M3,1800,1156,1800,True,7.7185924999648705,length,True,False,2026-09-25T19:07:25.750327+00:00,0705f966f3b5742f27df15b05e1499e3,0169295bbcc4f3deaf7a3c79b3e58a71164ab19febd5afc0e5cabfbe7a859e12
minimax-relational_branch-b5,2,planner,response_persisted,MiniMax-M3,MiniMax-M3,1800,1222,1800,True,7.599433499970473,length,True,False,2026-09-25T19:07:33.416181+00:00,0705f96dc1d662c6889843d0f49a7a57,ce432c67306f26c284a70ee9553c892d5b660fda9cb875104edad1a6c7b4c694
minimax-relational_branch-b5,3,planner,response_persisted,MiniMax-M3,MiniMax-M3,1800,1030,1800,True,6.804340899921954,length,True,False,2026-09-25T19:07:40.288991+00:00,0705f97587fbd7a4e1c6a6efee549cb9,8383cb79e2ec936e32bb27ace58eb74e8a319741c43a9573c423995e7b012f65
minimax-relational_branch-b5,4,planner,response_persisted,MiniMax-M3,MiniMax-M3,1800,836,1799,True,15.65069969999604,length,False,False,2026-09-25T19:07:56.003579+00:00,0705f97c11a902b9ced3ff8e47e429d3,9c1839eaca6f307c4aee976ea34607efe70f02f982688cb4b6f48193af95ad33
minimax-relational_branch-b5,5,planner,response_persisted,MiniMax-M3,MiniMax-M3,1800,1219,1800,True,7.099622399895452,length,True,False,2026-09-25T19:08:03.167242+00:00,0705f98ca23499a51d5a83b4d7020841,494889ab0266395b17c453970b2e8c22dba2145a9efccf811896bbc29a82147c
minimax-relational_branch-b5,6,planner,response_persisted,MiniMax-M3,MiniMax-M3,1800,1028,1800,True,5.866657799924724,length,True,False,2026-09-25T19:08:09.100049+00:00,0705f993528d59254d10d95c4c9472f9,110601939068ed58612ee9bb7fad26256da58be181eb2b7259f944a40dae55bf
minimax-relational_branch-b5,7,planner,response_persisted,MiniMax-M3,MiniMax-M3,1800,1027,1800,True,24.474373999983072,length,True,False,2026-09-25T19:08:33.643070+00:00,0705f999822d92435080a7654b08b165,c116bb40b0e8b6360a4ab176bde11ed04406f32e5443db337f77beeea9add7e2
minimax-relational_branch-b10,0,planner,response_persisted,MiniMax-M3,MiniMax-M3,1800,1279,1800,True,8.46964690007735,length,True,False,2026-09-25T19:08:49.480799+00:00,0705f9b95845ad9b4644e0e2c2bb24c4,9d5039520c5af2781d85d5eb999e36208cfddea7f30e8361ff7db64090a0f50c
minimax-relational_branch-b10,1,planner,response_persisted,MiniMax-M3,MiniMax-M3,1800,1154,1800,True,16.202817699988373,length,True,False,2026-09-25T19:09:05.747134+00:00,0705f9c108215df5cad38996e6dd69aa,84954ef33ca83fda53be97402512c424af0d7edaefb7cc53fe95a4ce7eeffc74
minimax-relational_branch-b10,2,coder,response_persisted,MiniMax-M3,MiniMax-M3,2000,813,983,True,3.6485093999654055,stop,False,False,2026-09-25T19:09:23.311564+00:00,0705f9df24d518ace3ea88eaed279c8d,73f7aa5e0ade592adc564854706cce21c0ea64ffab14c4bd55c9194491450f05
minimax-relational_branch-b10,2,planner,response_persisted,MiniMax-M3,MiniMax-M3,1800,1030,1659,True,13.817827299935743,stop,False,False,2026-09-25T19:09:19.631202+00:00,0705f9d148aa5729eb804610fcdfa439,008617af564a283a955c23bd907de70a03ccc3f41bce90bb5267fb6242a74e76
minimax-relational_branch-b10,3,coder,response_persisted,MiniMax-M3,MiniMax-M3,2000,756,876,True,5.553852800047025,stop,False,False,2026-09-25T19:09:39.991586+00:00,0705f9ee314e84ab855c6c6ffa3e5395,6b45493671fb92ddc55043373e941ea2021eef9b4087c8148ce8d102f3414d3f
minimax-relational_branch-b10,3,planner,response_persisted,MiniMax-M3,MiniMax-M3,1800,1196,1584,True,10.81638049997855,stop,False,False,2026-09-25T19:09:34.404530+00:00,0705f9e3b12f3fab123ec29ffa7a8703,216aa8d939f49669b1a47d4cff7f0d5283a029a892e18c208d4cbdd3cca8662b
minimax-relational_branch-b10,4,planner,response_persisted,MiniMax-M3,MiniMax-M3,1800,1254,1800,True,6.171424199943431,length,True,False,2026-09-25T19:09:46.431283+00:00,0705f9f4b420864434afb9b15f79fbd1,8307d9710f4874e65b47026278c88d8d9ee69cd6d19dd0c1bdde1fd0e5578e75
minimax-relational_branch-b10,5,planner,response_persisted,MiniMax-M3,MiniMax-M3,1800,1278,1800,True,6.909672400099225,length,True,False,2026-09-25T19:09:53.412408+00:00,0705f9fa3313b1fcd76d40243ab7420b,8173cd5a8e8c6ede89f9acf2631ed6569ec612d6d2705b4987eb9b8b8290164e
minimax-relational_branch-b10,6,planner,response_persisted,MiniMax-M3,MiniMax-M3,1800,1028,1800,True,9.299972499953583,length,True,False,2026-09-25T19:10:02.781861+00:00,0705fa01913e0d393cd79bb52b2f1b8f,14991af6ae50621b0580b34d6bab49360f099a8c8d46be1f0b99f57b825d71d3
minimax-relational_branch-b10,7,coder,response_persisted,MiniMax-M3,MiniMax-M3,2000,715,320,True,2.4041407000040635,stop,False,False,2026-09-25T19:10:29.949381+00:00,0705fa238866e257e2ddbab1c0c099de,bdbb57562178e7b18cbadf31ec80cd824584ed7c0476d603bbea2a40ee907526
minimax-relational_branch-b10,7,planner,response_persisted,MiniMax-M3,MiniMax-M3,1800,1027,1744,True,24.653752699960023,stop,False,False,2026-09-25T19:10:27.504721+00:00,0705fa0a5f110132013a045528132e75,fa52a1c16f9881895815aa0f83ae56981bdd18a0e86a1ab490bd9256611835e7
minimax-niche_fixed_dev-b3,0,planner,response_persisted,MiniMax-M3,MiniMax-M3,1800,1295,1800,True,6.768475099932402,length,True,False,2026-09-25T19:10:44.247842+00:00,0705fa2dbf67737d8b5f22979bef1d04,f285fcf258f221ce667614955cd29a8e0db1b7acd7fdfbdfc0174162aca761e3
minimax-niche_fixed_dev-b3,1,planner,response_persisted,MiniMax-M3,MiniMax-M3,1800,1176,1800,True,27.030076000024565,length,True,False,2026-09-25T19:11:11.345733+00:00,0705fa348e417d2f439f8282de72cdaf,d3d8261a87750c39b9bc59e85f08cf1b880385ebe87093fa61a096c8c83f4593
minimax-niche_fixed_dev-b3,2,coder,response_persisted,MiniMax-M3,MiniMax-M3,2000,739,1666,True,16.170378200011328,stop,False,False,2026-09-25T19:11:33.447561+00:00,0705fa55e8d2877cbe98376637844394,7664c77909fa8934fd77d109eae83a4fb75ba0a1d687326069d9aee254fcaeda
minimax-niche_fixed_dev-b3,2,planner,response_persisted,MiniMax-M3,MiniMax-M3,1800,1233,1607,True,5.824952800059691,stop,False,False,2026-09-25T19:11:17.246108+00:00,0705fa4f76266d918b25081e4a7fd407,0a183976f96fa12c76e4564418a4e9798525a5dec720c44a6e9c66f1960ecf82
minimax-niche_fixed_dev-b3,3,planner,response_persisted,MiniMax-M3,MiniMax-M3,1800,1246,1800,True,26.309626600006595,length,True,False,2026-09-25T19:12:00.023916+00:00,0705fa65dd02a99ddf6c17c46faa8deb,70c6baafc764553d76416d6fe328cde5e28410cf9c35200cbe4b2c7f36fb6066
minimax-niche_fixed_dev-b3,4,planner,response_persisted,MiniMax-M3,MiniMax-M3,1800,1008,1800,True,20.07551610004157,length,True,False,2026-09-25T19:12:20.168614+00:00,0705fa8012ce9303ddd0637bfc1d07d8,2d21994d087ce01b9e9c8a927cd47f91c92f2a523ea0c08861ce095259bc206d
minimax-niche_fixed_dev-b3,5,coder,response_persisted,MiniMax-M3,MiniMax-M3,2000,769,677,True,4.89362899994012,stop,False,False,2026-09-25T19:12:38.937325+00:00,0705faa28b83146976ce31619baef74e,c449da0c7d40258f7595f94c6c2cf062f8f1ada25be2459e54261fe310ac3105
minimax-niche_fixed_dev-b3,5,planner,response_persisted,MiniMax-M3,MiniMax-M3,1800,1074,1591,True,13.769990199944004,stop,False,False,2026-09-25T19:12:34.008834+00:00,0705fa94de94894f03afc7e27a274aff,5cc9f93dcde4b4bac008c8639125f3fb322e3684a727da3c36ac3e02d648e4ad
minimax-niche_fixed_dev-b3,6,planner,response_persisted,MiniMax-M3,MiniMax-M3,1800,1248,1800,True,16.808416199986823,length,True,False,2026-09-25T19:12:56.004152+00:00,0705faa7ee9913e486022d0e33d98307,9cf31cf321063faba3f678c292cc749374d0578e442de6198203f92af66fdfcf
minimax-niche_fixed_dev-b3,7,planner,response_persisted,MiniMax-M3,MiniMax-M3,1800,1337,1800,True,7.549851999967359,length,True,False,2026-09-25T19:13:03.637288+00:00,0705fab83ff52e7353890f938d62d763,f341f572a89ca3b6967903e0d7e3d74f4410e34bbffc560255b29d141cdcba02
minimax-niche_fixed_dev-b9,0,planner,response_persisted,MiniMax-M3,MiniMax-M3,1800,1304,1800,True,6.288890399970114,length,True,False,2026-09-25T19:13:17.327514+00:00,0705fac715d7e2d8e2606c141c909498,5901e064064ea4888e7a025ce5a064c9cde77ad2c65a9ee0e7bb2c21b2b5388b
minimax-niche_fixed_dev-b9,1,coder,response_persisted,MiniMax-M3,MiniMax-M3,2000,744,441,True,3.5937784999841824,stop,False,False,2026-09-25T19:13:44.016658+00:00,0705fae4f629a034dc0ce04866c60e33,7f17fc897578462a54b501ab9e0873c19700b8d35860691e529dd18562a4206f
minimax-niche_fixed_dev-b9,1,planner,response_persisted,MiniMax-M3,MiniMax-M3,1800,1172,1587,True,22.98840240004938,stop,False,False,2026-09-25T19:13:40.387986+00:00,0705facdbecef697bc1c2784b86692d1,783d1cec588ed5056e9ee9d96db31adcfc453b749c7c6320cff2ebeb7152662c
minimax-niche_fixed_dev-b9,2,coder,response_persisted,MiniMax-M3,MiniMax-M3,2000,821,469,True,2.3179223999613896,stop,False,False,2026-09-25T19:13:57.907864+00:00,0705faf3d54af898c64937474930abef,92423f00952f1f8ef5472279c9016dd8696a3b1f95a649ba6dfe74018c0cc997
minimax-niche_fixed_dev-b9,2,planner,response_persisted,MiniMax-M3,MiniMax-M3,1800,1527,1715,True,11.27604660007637,stop,False,False,2026-09-25T19:13:55.556420+00:00,0705fae8e65e18c6997b099b30e57a08,aa46fe4ccf201c8f9446dc2805c39ba6c2846939a04645a6abf640065de162ac
minimax-niche_fixed_dev-b9,3,planner,response_persisted,MiniMax-M3,MiniMax-M3,1800,1616,1800,True,6.251038299989887,length,True,False,2026-09-25T19:14:04.435968+00:00,0705faf677328146a85edab5083a83bb,dd5361cbdd07b54ed15e38e15e77f720753bcd512ecbc22e05489519236e3994
minimax-niche_fixed_dev-b9,4,planner,response_persisted,MiniMax-M3,MiniMax-M3,1800,1087,1800,True,8.130073399981484,length,True,False,2026-09-25T19:14:12.636003+00:00,0705fafcd7a2da85eeb6ff3491281c8b,10c575a550e7d934400f44acb43f4ed7499718f6b3ce6ccfde8fa650aa729f6c
minimax-niche_fixed_dev-b9,5,planner,response_persisted,MiniMax-M3,MiniMax-M3,1800,1153,1800,True,6.637469800072722,length,True,False,2026-09-25T19:14:19.344291+00:00,0705fb049312443cd7530736ece2a736,1f94f98fd3ab0744551a21510878496e942a63efcc0d1cd948796ee60a0cc0e8
minimax-niche_fixed_dev-b9,6,planner,response_persisted,MiniMax-M3,MiniMax-M3,1800,1116,1800,True,9.948391400044784,length,True,False,2026-09-25T19:14:29.362237+00:00,0705fb0b83ccbbe2871da409d9bcbe1d,b8d377eafdb5fd7e1f9e7d6f5b86778d2b82f7bc840c808db24b2286d7242ef6
minimax-niche_fixed_dev-b9,7,coder,response_persisted,MiniMax-M3,MiniMax-M3,2000,761,1017,True,7.986250000074506,stop,False,False,2026-09-25T19:14:45.714911+00:00,0705fb1dc478ef1aebeb187645a6dcaf,b8a6b8b24e70248efddde53792b64905ce451a423cc80853ab97ceb97f645075
minimax-niche_fixed_dev-b9,7,planner,response_persisted,MiniMax-M3,MiniMax-M3,1800,1152,1685,True,8.262182799982838,stop,False,False,2026-09-25T19:14:37.694982+00:00,0705fb15cd65314f1adeaccff3ad629a,272e3754524d74604b514a7b912e092c9070eefd02d8886bd630fcffa620eadc
minimax-relational_branch-b4,0,planner,response_persisted,MiniMax-M3,MiniMax-M3,1800,1292,1800,True,7.498776499996893,length,True,False,2026-09-25T19:15:00.808389+00:00,0705fb2dba4cd861786556b82560908e,92c94c793fe89b1e2f63a1bc4b71e5c80b2e960186994d3704bb65c7aedd3791
minimax-relational_branch-b4,1,planner,response_persisted,MiniMax-M3,MiniMax-M3,1800,1150,1800,True,5.921075699967332,length,True,False,2026-09-25T19:15:06.791580+00:00,0705fb35aee41de55b3897663f7d52a0,291f0085684f26c32ca3b926541c3c253be14d62485795f205be1ca7c3c00984
minimax-relational_branch-b4,2,planner,response_persisted,MiniMax-M3,MiniMax-M3,1800,1225,1800,True,27.083126200013794,length,True,False,2026-09-25T19:15:33.945912+00:00,0705fb3a05e71948c958276a7acc247e,d5ffa0a29530a49251c0d8f5622449f588d2549db95f7e4603885297f3eb06cc
minimax-relational_branch-b4,3,coder,response_persisted,MiniMax-M3,MiniMax-M3,2000,693,702,True,2.8518779000733048,stop,False,False,2026-09-25T19:15:41.887041+00:00,0705fb5b90b4430eb08b0a2ebb4e9a35,d9d12f7da0fb40fe1dc25eb8577b82f4906270a31bed253fe3ef89d129380282
minimax-relational_branch-b4,3,planner,response_persisted,MiniMax-M3,MiniMax-M3,1800,1026,1248,True,4.987994099967182,stop,False,False,2026-09-25T19:15:39.000300+00:00,0705fb565762e5c9b53a71d584fcca05,23e9b52dee8aa834effa66ed55f7ea08777c5eb2e1efa569830a502b4e3ccc3b
minimax-relational_branch-b4,4,planner,response_persisted,MiniMax-M3,MiniMax-M3,1800,1033,1800,True,7.405777600011788,length,True,False,2026-09-25T19:15:49.581189+00:00,0705fb5e15070b46bfc1f6b4eb417cfa,b82deca9e9d084027db9bbe637979fb7b0f644ea04302d551406d30f1a284f22
minimax-relational_branch-b4,5,coder,response_persisted,MiniMax-M3,MiniMax-M3,2000,757,1088,True,4.003793500014581,stop,False,False,2026-09-25T19:16:12.748839+00:00,0705fb78c2ea447f9bcf87d08fadc595,052d389afc7c12d053ed97746279f7e43abb4d809da178c2286a82b5070b21eb
minimax-relational_branch-b4,5,planner,response_persisted,MiniMax-M3,MiniMax-M3,1800,1419,1320,True,19.062173099955544,stop,False,False,2026-09-25T19:16:08.711598+00:00,0705fb65a2830532097e1276aed96ece,a3ba41702cf11f9028b83ecb35397685331e6092bedfbe2c7699f19abe18f2db
minimax-relational_branch-b4,6,planner,response_persisted,MiniMax-M3,MiniMax-M3,1800,1381,1800,True,7.64378239994403,length,True,False,2026-09-25T19:16:20.707184+00:00,0705fb7d6d1f325ed03a1f6955ef7f1e,ea421bfabb65007769024b1b5e9a3cfabcb5d85642fb6101b7ce5b491bd0332f
minimax-relational_branch-b4,7,planner,response_persisted,MiniMax-M3,MiniMax-M3,1800,1380,1800,True,16.797233800054528,length,True,False,2026-09-25T19:16:37.578511+00:00,0705fb844f46fd47ad9763609b1857e0,bfbc2e382c2be6de4e7e53f15e43b07c8ca114b4b442c8863519ccc31d259947
minimax-niche_fixed_dev-b4,0,planner,response_persisted,MiniMax-M3,MiniMax-M3,1800,1292,1800,True,6.683573400019668,length,True,False,2026-09-25T19:16:51.618518+00:00,0705fb9d45276d591ea2a3067209a478,01c800ab6e582608070006a38893fc870124e1cf80bbd875ce5eb3b8e66a7ffd
minimax-niche_fixed_dev-b4,1,planner,response_persisted,MiniMax-M3,MiniMax-M3,1800,1150,1800,True,7.654191299923696,length,True,False,2026-09-25T19:16:59.338027+00:00,0705fba397369d393fbe40f14541bc04,a3c650f7e62ec99ebf290439374c0714aa0edb6f26bbab124f947456cbd30acd
minimax-niche_fixed_dev-b4,2,planner,response_persisted,MiniMax-M3,MiniMax-M3,1800,1225,1800,True,24.44110699999146,length,True,False,2026-09-25T19:17:23.843157+00:00,0705fbab508b60e30bdbae85d04472c0,5e529239662c7348391c3dbf820d5f21203af4d683de2802a9cf73a524f71afc
minimax-niche_fixed_dev-b4,3,coder,response_persisted,MiniMax-M3,MiniMax-M3,2000,832,1394,True,5.939576499979012,stop,False,False,2026-09-25T19:17:35.495973+00:00,0705fbc9eb45612f2b1910b32e80322e,7e775ceb9309c5e22ec144357be48fb399c093f43eec15e4fbac65287eb32ada
minimax-niche_fixed_dev-b4,3,planner,response_persisted,MiniMax-M3,MiniMax-M3,1800,1026,1315,True,5.61172089993488,stop,False,False,2026-09-25T19:17:29.522360+00:00,0705fbc439e7551e2a84405571a3c4de,a648f1f299fc94a9cb000a44fd1081269ef5c89166a9ed9839c745177011e243
minimax-niche_fixed_dev-b4,4,coder,response_persisted,MiniMax-M3,MiniMax-M3,2000,682,1625,True,4.577810299932025,stop,False,False,2026-09-25T19:17:52.190144+00:00,0705fbdb199c31cf701039142d306422,398b03f2ce827da0013cef2f3ca4c975811c9dd8afb668258ae4d51a5e7d0236
minimax-niche_fixed_dev-b4,4,planner,response_persisted,MiniMax-M3,MiniMax-M3,1800,1025,1669,True,11.814250199939124,stop,False,False,2026-09-25T19:17:47.578795+00:00,0705fbcfe51f0accdf5686dba30e074b,9c5be066959a73623c1bb7479b7b0febdbc849885e38d9e1cb24cbf5f04d6a86
minimax-niche_fixed_dev-b4,5,coder,response_persisted,MiniMax-M3,MiniMax-M3,2000,765,1458,True,16.144812099984847,stop,False,False,2026-09-25T19:18:14.338032+00:00,0705fbe60cbe64db752a21943ff27411,3a7d9f439c2dd034343fce062f058323af29c6ecca075b65e895a0c53a327b4a
minimax-niche_fixed_dev-b4,5,planner,response_persisted,MiniMax-M3,MiniMax-M3,1800,1700,1365,True,5.704415499931201,stop,False,False,2026-09-25T19:17:58.159735+00:00,0705fbe0c2d7bd28e89ad2e99cb8a8f8,795e1012d7ec88bcd3b7b3aad927614e7627f322f63e7ac220d9dee466841e5d
minimax-niche_fixed_dev-b4,6,planner,response_persisted,MiniMax-M3,MiniMax-M3,1800,1451,1800,True,12.500045699998736,length,True,False,2026-09-25T19:18:27.108287+00:00,0705fbf69ce31f4724d200ffa3d7801b,a74ae9c74b7803684b55e359c6e7d3cac9c3404ee1bf784bcdf6851e0ea218d3
minimax-niche_fixed_dev-b4,7,planner,response_persisted,MiniMax-M3,MiniMax-M3,1800,1320,1800,True,6.261232099961489,length,True,False,2026-09-25T19:18:33.444373+00:00,0705fc03296eecb6db452a1e2421d9a0,9d69a3f245f486c1393e61a1eea4a66621f2e3763d44852e083f8d45285e6417
minimax-relational_branch-b9,0,planner,response_persisted,MiniMax-M3,MiniMax-M3,1800,1304,1800,True,6.323319700080901,length,True,False,2026-09-25T19:18:47.191180+00:00,0705fc118bb73578ea7ab7c36ccfd180,0b9bbe5e471a072679bba5658766de20501b2e7d1e3de2c9128213462ff1e3b0
minimax-relational_branch-b9,1,planner,response_persisted,MiniMax-M3,MiniMax-M3,1800,1172,1800,True,28.71605579997413,length,True,False,2026-09-25T19:19:15.971458+00:00,0705fc17602c8c71af8f9cee341a9b43,eb3483bdb3e4be2bb3eb7942d61a0f8cd791724f7f5612508b9c5d1442942210
minimax-relational_branch-b9,2,planner,response_persisted,MiniMax-M3,MiniMax-M3,1800,1037,1800,True,6.146009800024331,length,True,False,2026-09-25T19:19:22.192756+00:00,0705fc346fd2f4113184a2c9e157fbc6,6a3702d8c9e4d6c62538f90442c9c957a7f9446377fdec61f615e40436ad9e72
minimax-relational_branch-b9,3,planner,response_persisted,MiniMax-M3,MiniMax-M3,1800,1036,1800,True,16.069569700048305,length,True,False,2026-09-25T19:19:38.328399+00:00,0705fc3a9292a14940f3b947bd53d334,a24d86e32f385278cc2902a4ae40340e061b39cb8d8338086d1e95bd6c77e7e6
minimax-relational_branch-b9,4,planner,response_persisted,MiniMax-M3,MiniMax-M3,1800,836,1799,True,15.504784199991263,length,False,False,2026-09-25T19:19:53.897633+00:00,0705fc4ac507c37445af6f2965645b07,e371fc90a04910fe4a56aec2dec22bccbc1edc5e7ceddfc60e4daa5cf059f6a3
minimax-relational_branch-b9,5,planner,response_persisted,MiniMax-M3,MiniMax-M3,1800,1034,1800,True,6.154275799985044,length,True,False,2026-09-25T19:20:00.117740+00:00,0705fc5ab7f493a058c3cc6a159ef15b,002e4bb4efb625c254a16fdd6875bfb047326cce49db4e3644260a6724b22bd3
minimax-relational_branch-b9,6,planner,response_persisted,MiniMax-M3,MiniMax-M3,1800,1035,1800,True,6.567969299969263,length,True,False,2026-09-25T19:20:06.755518+00:00,0705fc603c6e55d8d23ff2741631363b,36b6d4df0c9d67fa7116923e827a5d3aa56e87c5f37f203894b7bcbb7f01de06
minimax-relational_branch-b9,7,planner,response_persisted,MiniMax-M3,MiniMax-M3,1800,1034,1800,True,12.572085299994797,length,True,False,2026-09-25T19:20:19.395590+00:00,0705fc6613c793586804543d5651f7e4,337cf6df2c33f7c0d1a0e984efb86ee1c94bc0d875fe5cc583aa71af81c08d45
