job_id,controller,block,step,node_id,actual_parent_id,branch_slot,available_count,distinct_tags,multi_branch_slot,family_priority_varies,fifo_parent_id,full_parent_id,gain_only_parent_id,full_vs_fifo_differs,full_vs_gain_differs,actual_differs_fifo,actual_differs_gain,family_fallback_count,family_observations_min,q_min,q_max,q_span,weighted_gain_min,weighted_gain_max,weighted_gain_span,q_span_greater_than_gain_span,valid_child,parent_improved,global_improved,admitted,classification,parent_gain,loss,attempt_depth,success_depth,different_choice_followed_by_parent_gain,claim
minimax-relational_branch-b8,relational_branch,8,0,3,1,False,0,0,False,False,,,,False,False,False,False,0,,,,0.0,,,0.0,False,False,False,False,False,invalid_program,,,,,False,unexecuted alternative rankings do not predict alternative offspring
minimax-relational_branch-b8,relational_branch,8,1,4,2,False,0,0,False,False,,,,False,False,False,False,0,,,,0.0,,,0.0,False,False,False,False,False,invalid_program,,,,,False,unexecuted alternative rankings do not predict alternative offspring
minimax-relational_branch-b8,relational_branch,8,2,5,2,False,0,0,False,False,,,,False,False,False,False,0,,,,0.0,,,0.0,False,True,True,True,True,competitive_local_improvement,0.027934689557826554,0.04943215098140861,,1,False,unexecuted alternative rankings do not predict alternative offspring
minimax-relational_branch-b8,relational_branch,8,3,6,5,True,1,1,False,False,5,5,5,False,False,False,False,1,1,0.4,0.4,0.0,0.006983672389456639,0.006983672389456639,0.0,False,True,False,False,False,competitive_novel_behavior_without_parent_gain,-0.001727311473581336,0.051159462454989944,2,,False,unexecuted alternative rankings do not predict alternative offspring
minimax-relational_branch-b8,relational_branch,8,4,7,,False,1,1,False,False,5,5,5,False,False,False,False,0,2,0.5,0.5,0.0,0.0034918361947283193,0.0034918361947283193,0.0,False,False,False,False,False,invalid_program,,,,,False,unexecuted alternative rankings do not predict alternative offspring
minimax-relational_branch-b8,relational_branch,8,5,8,5,True,1,1,False,False,5,5,5,False,False,False,False,0,2,0.5,0.5,0.0,0.0034918361947283193,0.0034918361947283193,0.0,False,False,False,False,False,invalid_program,,,2,,False,unexecuted alternative rankings do not predict alternative offspring
minimax-relational_branch-b8,relational_branch,8,6,9,6,False,0,0,False,False,,,,False,False,False,False,0,,,,0.0,,,0.0,False,False,False,False,False,invalid_program,,,,,False,unexecuted alternative rankings do not predict alternative offspring
minimax-relational_branch-b8,relational_branch,8,7,10,6,False,0,0,False,False,,,,False,False,False,False,0,,,,0.0,,,0.0,False,False,False,False,False,invalid_program,,,,,False,unexecuted alternative rankings do not predict alternative offspring
minimax-relational_branch-b3,relational_branch,3,0,3,1,False,0,0,False,False,,,,False,False,False,False,0,,,,0.0,,,0.0,False,False,False,False,False,invalid_program,,,,,False,unexecuted alternative rankings do not predict alternative offspring
minimax-relational_branch-b3,relational_branch,3,1,4,2,False,0,0,False,False,,,,False,False,False,False,0,,,,0.0,,,0.0,False,False,False,False,False,invalid_program,,,,,False,unexecuted alternative rankings do not predict alternative offspring
minimax-relational_branch-b3,relational_branch,3,2,5,2,False,0,0,False,False,,,,False,False,False,False,0,,,,0.0,,,0.0,False,True,True,False,True,competitive_local_improvement,0.025775012625199947,0.07306581445309786,,1,False,unexecuted alternative rankings do not predict alternative offspring
minimax-relational_branch-b3,relational_branch,3,3,6,5,True,1,1,False,False,5,5,5,False,False,False,False,1,1,0.4,0.4,0.0,0.006443753156299987,0.006443753156299987,0.0,False,False,False,False,False,invalid_program,,,2,,False,unexecuted alternative rankings do not predict alternative offspring
minimax-relational_branch-b3,relational_branch,3,4,7,,False,1,1,False,False,5,5,5,False,False,False,False,0,2,0.5,0.5,0.0,0.0032218765781499934,0.0032218765781499934,0.0,False,False,False,False,False,invalid_program,,,,,False,unexecuted alternative rankings do not predict alternative offspring
minimax-relational_branch-b3,relational_branch,3,5,8,5,True,1,1,False,False,5,5,5,False,False,False,False,0,2,0.5,0.5,0.0,0.0032218765781499934,0.0032218765781499934,0.0,False,False,False,False,False,invalid_program,,,2,,False,unexecuted alternative rankings do not predict alternative offspring
minimax-relational_branch-b3,relational_branch,3,6,9,1,False,0,0,False,False,,,,False,False,False,False,0,,,,0.0,,,0.0,False,False,False,False,False,invalid_program,,,,,False,unexecuted alternative rankings do not predict alternative offspring
minimax-relational_branch-b3,relational_branch,3,7,10,2,False,0,0,False,False,,,,False,False,False,False,0,,,,0.0,,,0.0,False,False,False,False,False,invalid_program,,,,,False,unexecuted alternative rankings do not predict alternative offspring
minimax-relational_branch-b7,relational_branch,7,0,3,2,False,0,0,False,False,,,,False,False,False,False,0,,,,0.0,,,0.0,False,False,False,False,False,invalid_program,,,,,False,unexecuted alternative rankings do not predict alternative offspring
minimax-relational_branch-b7,relational_branch,7,1,4,1,False,0,0,False,False,,,,False,False,False,False,0,,,,0.0,,,0.0,False,False,False,False,False,invalid_program,,,,,False,unexecuted alternative rankings do not predict alternative offspring
minimax-relational_branch-b7,relational_branch,7,2,5,2,False,0,0,False,False,,,,False,False,False,False,0,,,,0.0,,,0.0,False,True,True,True,True,competitive_local_improvement,0.03294482606706489,0.06830340282152135,,1,False,unexecuted alternative rankings do not predict alternative offspring
minimax-relational_branch-b7,relational_branch,7,3,6,5,True,1,1,False,False,5,5,5,False,False,False,False,1,1,0.4,0.4,0.0,0.008236206516766223,0.008236206516766223,0.0,False,True,False,False,False,unproductive_repeat,-0.012656077212085878,0.08095948003360723,2,,False,unexecuted alternative rankings do not predict alternative offspring
minimax-relational_branch-b7,relational_branch,7,4,7,,False,1,1,False,False,5,5,5,False,False,False,False,0,2,0.5,0.5,0.0,0.0041181032583831115,0.0041181032583831115,0.0,False,False,False,False,False,invalid_program,,,,,False,unexecuted alternative rankings do not predict alternative offspring
minimax-relational_branch-b7,relational_branch,7,5,8,5,True,1,1,False,False,5,5,5,False,False,False,False,0,2,0.5,0.5,0.0,0.0041181032583831115,0.0041181032583831115,0.0,False,False,False,False,False,invalid_program,,,2,,False,unexecuted alternative rankings do not predict alternative offspring
minimax-relational_branch-b7,relational_branch,7,6,9,2,False,0,0,False,False,,,,False,False,False,False,0,,,,0.0,,,0.0,False,False,False,False,False,invalid_program,,,,,False,unexecuted alternative rankings do not predict alternative offspring
minimax-relational_branch-b7,relational_branch,7,7,10,5,False,0,0,False,False,,,,False,False,False,False,0,,,,0.0,,,0.0,False,False,False,False,False,invalid_program,,,,,False,unexecuted alternative rankings do not predict alternative offspring
minimax-niche_fixed_dev-b8,niche_fixed_dev,8,0,3,1,False,0,0,False,False,,,,False,False,False,False,0,,,,0.0,,,0.0,False,False,False,False,False,invalid_program,,,,,False,unexecuted alternative rankings do not predict alternative offspring
minimax-niche_fixed_dev-b8,niche_fixed_dev,8,1,4,2,False,0,0,False,False,,,,False,False,False,False,0,,,,0.0,,,0.0,False,False,False,False,False,invalid_program,,,,,False,unexecuted alternative rankings do not predict alternative offspring
minimax-niche_fixed_dev-b8,niche_fixed_dev,8,2,5,2,False,0,0,False,False,,,,False,False,False,False,0,,,,0.0,,,0.0,False,False,False,False,False,invalid_program,,,,,False,unexecuted alternative rankings do not predict alternative offspring
minimax-niche_fixed_dev-b8,niche_fixed_dev,8,3,6,1,False,0,0,False,False,,,,False,False,False,False,0,,,,0.0,,,0.0,False,False,False,False,False,invalid_program,,,,,False,unexecuted alternative rankings do not predict alternative offspring
minimax-niche_fixed_dev-b8,niche_fixed_dev,8,4,7,,False,0,0,False,False,,,,False,False,False,False,0,,,,0.0,,,0.0,False,False,False,False,False,invalid_program,,,,,False,unexecuted alternative rankings do not predict alternative offspring
minimax-niche_fixed_dev-b8,niche_fixed_dev,8,5,8,1,False,0,0,False,False,,,,False,False,False,False,0,,,,0.0,,,0.0,False,False,False,False,False,invalid_program,,,,,False,unexecuted alternative rankings do not predict alternative offspring
minimax-niche_fixed_dev-b8,niche_fixed_dev,8,6,9,1,False,0,0,False,False,,,,False,False,False,False,0,,,,0.0,,,0.0,False,False,False,False,False,invalid_program,,,,,False,unexecuted alternative rankings do not predict alternative offspring
minimax-niche_fixed_dev-b8,niche_fixed_dev,8,7,10,1,False,0,0,False,False,,,,False,False,False,False,0,,,,0.0,,,0.0,False,False,False,False,False,invalid_program,,,,,False,unexecuted alternative rankings do not predict alternative offspring
minimax-relational_branch-b6,relational_branch,6,0,3,1,False,0,0,False,False,,,,False,False,False,False,0,,,,0.0,,,0.0,False,False,False,False,False,invalid_program,,,,,False,unexecuted alternative rankings do not predict alternative offspring
minimax-relational_branch-b6,relational_branch,6,1,4,1,False,0,0,False,False,,,,False,False,False,False,0,,,,0.0,,,0.0,False,False,False,False,False,invalid_program,,,,,False,unexecuted alternative rankings do not predict alternative offspring
minimax-relational_branch-b6,relational_branch,6,2,5,1,False,0,0,False,False,,,,False,False,False,False,0,,,,0.0,,,0.0,False,True,True,True,True,competitive_local_improvement,0.012473746408704627,0.05826430168765224,,1,False,unexecuted alternative rankings do not predict alternative offspring
minimax-relational_branch-b6,relational_branch,6,3,6,5,True,1,1,False,False,5,5,5,False,False,False,False,1,1,0.4,0.4,0.0,0.0031184366021761566,0.0031184366021761566,0.0,False,False,False,False,False,invalid_program,,,2,,False,unexecuted alternative rankings do not predict alternative offspring
minimax-relational_branch-b6,relational_branch,6,4,7,,False,1,1,False,False,5,5,5,False,False,False,False,0,2,0.5,0.5,0.0,0.0015592183010880783,0.0015592183010880783,0.0,False,False,False,False,False,invalid_program,,,,,False,unexecuted alternative rankings do not predict alternative offspring
minimax-relational_branch-b6,relational_branch,6,5,8,5,True,1,1,False,False,5,5,5,False,False,False,False,0,2,0.5,0.5,0.0,0.0015592183010880783,0.0015592183010880783,0.0,False,False,False,False,False,invalid_program,,,2,,False,unexecuted alternative rankings do not predict alternative offspring
minimax-relational_branch-b6,relational_branch,6,6,9,1,False,0,0,False,False,,,,False,False,False,False,0,,,,0.0,,,0.0,False,False,False,False,False,invalid_program,,,,,False,unexecuted alternative rankings do not predict alternative offspring
minimax-relational_branch-b6,relational_branch,6,7,10,1,False,0,0,False,False,,,,False,False,False,False,0,,,,0.0,,,0.0,False,False,False,False,False,invalid_program,,,,,False,unexecuted alternative rankings do not predict alternative offspring
minimax-niche_fixed_dev-b10,niche_fixed_dev,10,0,3,1,False,0,0,False,False,,,,False,False,False,False,0,,,,0.0,,,0.0,False,False,False,False,False,invalid_program,,,,,False,unexecuted alternative rankings do not predict alternative offspring
minimax-niche_fixed_dev-b10,niche_fixed_dev,10,1,4,1,False,0,0,False,False,,,,False,False,False,False,0,,,,0.0,,,0.0,False,False,False,False,False,invalid_program,,,,,False,unexecuted alternative rankings do not predict alternative offspring
minimax-niche_fixed_dev-b10,niche_fixed_dev,10,2,5,1,False,0,0,False,False,,,,False,False,False,False,0,,,,0.0,,,0.0,False,False,False,False,False,invalid_program,,,,,False,unexecuted alternative rankings do not predict alternative offspring
minimax-niche_fixed_dev-b10,niche_fixed_dev,10,3,6,1,False,0,0,False,False,,,,False,False,False,False,0,,,,0.0,,,0.0,False,False,False,False,False,invalid_program,,,,,False,unexecuted alternative rankings do not predict alternative offspring
minimax-niche_fixed_dev-b10,niche_fixed_dev,10,4,7,,False,0,0,False,False,,,,False,False,False,False,0,,,,0.0,,,0.0,False,False,False,False,False,invalid_program,,,,,False,unexecuted alternative rankings do not predict alternative offspring
minimax-niche_fixed_dev-b10,niche_fixed_dev,10,5,8,1,False,0,0,False,False,,,,False,False,False,False,0,,,,0.0,,,0.0,False,False,False,False,False,invalid_program,,,,,False,unexecuted alternative rankings do not predict alternative offspring
minimax-niche_fixed_dev-b10,niche_fixed_dev,10,6,9,1,False,0,0,False,False,,,,False,False,False,False,0,,,,0.0,,,0.0,False,False,False,False,False,invalid_program,,,,,False,unexecuted alternative rankings do not predict alternative offspring
minimax-niche_fixed_dev-b10,niche_fixed_dev,10,7,10,1,False,0,0,False,False,,,,False,False,False,False,0,,,,0.0,,,0.0,False,False,False,False,False,invalid_program,,,,,False,unexecuted alternative rankings do not predict alternative offspring
minimax-niche_fixed_dev-b5,niche_fixed_dev,5,0,3,2,False,0,0,False,False,,,,False,False,False,False,0,,,,0.0,,,0.0,False,False,False,False,False,invalid_program,,,,,False,unexecuted alternative rankings do not predict alternative offspring
minimax-niche_fixed_dev-b5,niche_fixed_dev,5,1,4,2,False,0,0,False,False,,,,False,False,False,False,0,,,,0.0,,,0.0,False,False,False,False,False,invalid_program,,,,,False,unexecuted alternative rankings do not predict alternative offspring
minimax-niche_fixed_dev-b5,niche_fixed_dev,5,2,5,1,False,0,0,False,False,,,,False,False,False,False,0,,,,0.0,,,0.0,False,True,False,False,False,competitive_novel_behavior_without_parent_gain,-0.001452401101227456,0.055506651214220125,,,False,unexecuted alternative rankings do not predict alternative offspring
minimax-niche_fixed_dev-b5,niche_fixed_dev,5,3,6,1,False,0,0,False,False,,,,False,False,False,False,0,,,,0.0,,,0.0,False,False,False,False,False,invalid_program,,,,,False,unexecuted alternative rankings do not predict alternative offspring
minimax-niche_fixed_dev-b5,niche_fixed_dev,5,4,7,,False,0,0,False,False,,,,False,False,False,False,0,,,,0.0,,,0.0,False,True,False,False,False,competitive_novel_behavior_without_parent_gain,,0.07450032150603526,,,False,unexecuted alternative rankings do not predict alternative offspring
minimax-niche_fixed_dev-b5,niche_fixed_dev,5,5,8,1,False,0,0,False,False,,,,False,False,False,False,0,,,,0.0,,,0.0,False,True,True,True,True,competitive_local_improvement,0.013244440900173453,0.040809809212819216,,1,False,unexecuted alternative rankings do not predict alternative offspring
minimax-niche_fixed_dev-b5,niche_fixed_dev,5,6,9,8,False,1,1,False,False,8,8,8,False,False,False,False,1,1,0.25,0.25,0.0,0.003311110225043363,0.003311110225043363,0.0,False,False,False,False,False,invalid_program,,,,,False,unexecuted alternative rankings do not predict alternative offspring
minimax-niche_fixed_dev-b5,niche_fixed_dev,5,7,10,8,True,1,1,False,False,8,8,8,False,False,False,False,1,1,0.2222222222222222,0.2222222222222222,0.0,0.003311110225043363,0.003311110225043363,0.0,False,False,False,False,False,invalid_program,,,2,,False,unexecuted alternative rankings do not predict alternative offspring
minimax-niche_fixed_dev-b6,niche_fixed_dev,6,0,3,1,False,0,0,False,False,,,,False,False,False,False,0,,,,0.0,,,0.0,False,False,False,False,False,invalid_program,,,,,False,unexecuted alternative rankings do not predict alternative offspring
minimax-niche_fixed_dev-b6,niche_fixed_dev,6,1,4,1,False,0,0,False,False,,,,False,False,False,False,0,,,,0.0,,,0.0,False,False,False,False,False,invalid_program,,,,,False,unexecuted alternative rankings do not predict alternative offspring
minimax-niche_fixed_dev-b6,niche_fixed_dev,6,2,5,1,False,0,0,False,False,,,,False,False,False,False,0,,,,0.0,,,0.0,False,False,False,False,False,invalid_program,,,,,False,unexecuted alternative rankings do not predict alternative offspring
minimax-niche_fixed_dev-b6,niche_fixed_dev,6,3,6,1,False,0,0,False,False,,,,False,False,False,False,0,,,,0.0,,,0.0,False,False,False,False,False,invalid_program,,,,,False,unexecuted alternative rankings do not predict alternative offspring
minimax-niche_fixed_dev-b6,niche_fixed_dev,6,4,7,,False,0,0,False,False,,,,False,False,False,False,0,,,,0.0,,,0.0,False,False,False,False,False,invalid_program,,,,,False,unexecuted alternative rankings do not predict alternative offspring
minimax-niche_fixed_dev-b6,niche_fixed_dev,6,5,8,1,False,0,0,False,False,,,,False,False,False,False,0,,,,0.0,,,0.0,False,False,False,False,False,invalid_program,,,,,False,unexecuted alternative rankings do not predict alternative offspring
minimax-niche_fixed_dev-b6,niche_fixed_dev,6,6,9,1,False,0,0,False,False,,,,False,False,False,False,0,,,,0.0,,,0.0,False,False,False,False,False,invalid_program,,,,,False,unexecuted alternative rankings do not predict alternative offspring
minimax-niche_fixed_dev-b6,niche_fixed_dev,6,7,10,1,False,0,0,False,False,,,,False,False,False,False,0,,,,0.0,,,0.0,False,False,False,False,False,invalid_program,,,,,False,unexecuted alternative rankings do not predict alternative offspring
minimax-niche_fixed_dev-b7,niche_fixed_dev,7,0,3,2,False,0,0,False,False,,,,False,False,False,False,0,,,,0.0,,,0.0,False,True,True,False,True,competitive_local_improvement,0.030542743713472445,0.0707054851751138,,1,False,unexecuted alternative rankings do not predict alternative offspring
minimax-niche_fixed_dev-b7,niche_fixed_dev,7,1,4,3,True,1,1,False,False,3,3,3,False,False,False,False,1,1,0.6666666666666666,0.6666666666666666,0.0,0.007635685928368111,0.007635685928368111,0.0,False,False,False,False,False,invalid_program,,,2,,False,unexecuted alternative rankings do not predict alternative offspring
minimax-niche_fixed_dev-b7,niche_fixed_dev,7,2,5,3,False,1,1,False,False,3,3,3,False,False,False,False,0,2,0.5,0.5,0.0,0.0038178429641840556,0.0038178429641840556,0.0,False,False,False,False,False,invalid_program,,,,,False,unexecuted alternative rankings do not predict alternative offspring
minimax-niche_fixed_dev-b7,niche_fixed_dev,7,3,6,3,True,1,1,False,False,3,3,3,False,False,False,False,0,2,0.5,0.5,0.0,0.0038178429641840556,0.0038178429641840556,0.0,False,False,False,False,False,invalid_program,,,2,,False,unexecuted alternative rankings do not predict alternative offspring
minimax-niche_fixed_dev-b7,niche_fixed_dev,7,4,7,,False,0,0,False,False,,,,False,False,False,False,0,,,,0.0,,,0.0,False,True,False,False,False,low_quality_novel_behavior,,0.16048324638423572,,,False,unexecuted alternative rankings do not predict alternative offspring
minimax-niche_fixed_dev-b7,niche_fixed_dev,7,5,8,1,False,0,0,False,False,,,,False,False,False,False,0,,,,0.0,,,0.0,False,True,True,True,True,competitive_local_improvement,0.02605218981831442,0.04455899623617729,,1,False,unexecuted alternative rankings do not predict alternative offspring
minimax-niche_fixed_dev-b7,niche_fixed_dev,7,6,9,3,False,1,1,False,False,8,8,8,False,False,False,False,1,1,0.375,0.375,0.0,0.006513047454578605,0.006513047454578605,0.0,False,False,False,False,False,invalid_program,,,,,False,unexecuted alternative rankings do not predict alternative offspring
minimax-niche_fixed_dev-b7,niche_fixed_dev,7,7,10,8,True,1,1,False,False,8,8,8,False,False,False,False,1,1,0.3333333333333333,0.3333333333333333,0.0,0.006513047454578605,0.006513047454578605,0.0,False,False,False,False,False,invalid_program,,,2,,False,unexecuted alternative rankings do not predict alternative offspring
minimax-relational_branch-b5,relational_branch,5,0,3,2,False,0,0,False,False,,,,False,False,False,False,0,,,,0.0,,,0.0,False,False,False,False,False,invalid_program,,,,,False,unexecuted alternative rankings do not predict alternative offspring
minimax-relational_branch-b5,relational_branch,5,1,4,2,False,0,0,False,False,,,,False,False,False,False,0,,,,0.0,,,0.0,False,False,False,False,False,invalid_program,,,,,False,unexecuted alternative rankings do not predict alternative offspring
minimax-relational_branch-b5,relational_branch,5,2,5,1,False,0,0,False,False,,,,False,False,False,False,0,,,,0.0,,,0.0,False,False,False,False,False,invalid_program,,,,,False,unexecuted alternative rankings do not predict alternative offspring
minimax-relational_branch-b5,relational_branch,5,3,6,1,False,0,0,False,False,,,,False,False,False,False,0,,,,0.0,,,0.0,False,False,False,False,False,invalid_program,,,,,False,unexecuted alternative rankings do not predict alternative offspring
minimax-relational_branch-b5,relational_branch,5,4,7,,False,0,0,False,False,,,,False,False,False,False,0,,,,0.0,,,0.0,False,False,False,False,False,invalid_program,,,,,False,unexecuted alternative rankings do not predict alternative offspring
minimax-relational_branch-b5,relational_branch,5,5,8,1,False,0,0,False,False,,,,False,False,False,False,0,,,,0.0,,,0.0,False,False,False,False,False,invalid_program,,,,,False,unexecuted alternative rankings do not predict alternative offspring
minimax-relational_branch-b5,relational_branch,5,6,9,2,False,0,0,False,False,,,,False,False,False,False,0,,,,0.0,,,0.0,False,False,False,False,False,invalid_program,,,,,False,unexecuted alternative rankings do not predict alternative offspring
minimax-relational_branch-b5,relational_branch,5,7,10,2,False,0,0,False,False,,,,False,False,False,False,0,,,,0.0,,,0.0,False,False,False,False,False,invalid_program,,,,,False,unexecuted alternative rankings do not predict alternative offspring
minimax-relational_branch-b10,relational_branch,10,0,3,1,False,0,0,False,False,,,,False,False,False,False,0,,,,0.0,,,0.0,False,False,False,False,False,invalid_program,,,,,False,unexecuted alternative rankings do not predict alternative offspring
minimax-relational_branch-b10,relational_branch,10,1,4,1,False,0,0,False,False,,,,False,False,False,False,0,,,,0.0,,,0.0,False,False,False,False,False,invalid_program,,,,,False,unexecuted alternative rankings do not predict alternative offspring
minimax-relational_branch-b10,relational_branch,10,2,5,1,False,0,0,False,False,,,,False,False,False,False,0,,,,0.0,,,0.0,False,True,False,False,False,low_quality_repeat,-0.0394483884011021,0.10307361818373678,,,False,unexecuted alternative rankings do not predict alternative offspring
minimax-relational_branch-b10,relational_branch,10,3,6,1,False,0,0,False,False,,,,False,False,False,False,0,,,,0.0,,,0.0,False,True,False,False,False,low_quality_novel_behavior,-0.059127915273993664,0.12275314505662835,,,False,unexecuted alternative rankings do not predict alternative offspring
minimax-relational_branch-b10,relational_branch,10,4,7,,False,0,0,False,False,,,,False,False,False,False,0,,,,0.0,,,0.0,False,False,False,False,False,invalid_program,,,,,False,unexecuted alternative rankings do not predict alternative offspring
minimax-relational_branch-b10,relational_branch,10,5,8,1,False,0,0,False,False,,,,False,False,False,False,0,,,,0.0,,,0.0,False,False,False,False,False,invalid_program,,,,,False,unexecuted alternative rankings do not predict alternative offspring
minimax-relational_branch-b10,relational_branch,10,6,9,1,False,0,0,False,False,,,,False,False,False,False,0,,,,0.0,,,0.0,False,False,False,False,False,invalid_program,,,,,False,unexecuted alternative rankings do not predict alternative offspring
minimax-relational_branch-b10,relational_branch,10,7,10,1,False,0,0,False,False,,,,False,False,False,False,0,,,,0.0,,,0.0,False,True,True,True,True,competitive_local_improvement,0.004420095135713294,0.05920513464692139,,1,False,unexecuted alternative rankings do not predict alternative offspring
minimax-niche_fixed_dev-b3,niche_fixed_dev,3,0,3,1,False,0,0,False,False,,,,False,False,False,False,0,,,,0.0,,,0.0,False,False,False,False,False,invalid_program,,,,,False,unexecuted alternative rankings do not predict alternative offspring
minimax-niche_fixed_dev-b3,niche_fixed_dev,3,1,4,2,False,0,0,False,False,,,,False,False,False,False,0,,,,0.0,,,0.0,False,False,False,False,False,invalid_program,,,,,False,unexecuted alternative rankings do not predict alternative offspring
minimax-niche_fixed_dev-b3,niche_fixed_dev,3,2,5,2,False,0,0,False,False,,,,False,False,False,False,0,,,,0.0,,,0.0,False,True,True,False,True,competitive_local_improvement,0.02828859137184961,0.0705522357064482,,1,False,unexecuted alternative rankings do not predict alternative offspring
minimax-niche_fixed_dev-b3,niche_fixed_dev,3,3,6,5,True,1,1,False,False,5,5,5,False,False,False,False,1,1,0.4,0.4,0.0,0.007072147842962402,0.007072147842962402,0.0,False,False,False,False,False,invalid_program,,,2,,False,unexecuted alternative rankings do not predict alternative offspring
minimax-niche_fixed_dev-b3,niche_fixed_dev,3,4,7,,False,1,1,False,False,5,5,5,False,False,False,False,0,2,0.5,0.5,0.0,0.003536073921481201,0.003536073921481201,0.0,False,False,False,False,False,invalid_program,,,,,False,unexecuted alternative rankings do not predict alternative offspring
minimax-niche_fixed_dev-b3,niche_fixed_dev,3,5,8,5,True,1,1,False,False,5,5,5,False,False,False,False,0,2,0.5,0.5,0.0,0.003536073921481201,0.003536073921481201,0.0,False,True,True,False,True,competitive_local_improvement,0.004800773813018994,0.0657514618934292,2,2,False,unexecuted alternative rankings do not predict alternative offspring
minimax-niche_fixed_dev-b3,niche_fixed_dev,3,6,9,1,False,1,1,False,False,8,8,8,False,False,False,False,0,3,0.6,0.6,0.0,0.0012001934532547484,0.0012001934532547484,0.0,False,False,False,False,False,invalid_program,,,,,False,unexecuted alternative rankings do not predict alternative offspring
minimax-niche_fixed_dev-b3,niche_fixed_dev,3,7,10,8,True,1,1,False,False,8,8,8,False,False,False,False,0,3,0.6,0.6,0.0,0.0012001934532547484,0.0012001934532547484,0.0,False,False,False,False,False,invalid_program,,,3,,False,unexecuted alternative rankings do not predict alternative offspring
minimax-niche_fixed_dev-b9,niche_fixed_dev,9,0,3,1,False,0,0,False,False,,,,False,False,False,False,0,,,,0.0,,,0.0,False,False,False,False,False,invalid_program,,,,,False,unexecuted alternative rankings do not predict alternative offspring
minimax-niche_fixed_dev-b9,niche_fixed_dev,9,1,4,1,False,0,0,False,False,,,,False,False,False,False,0,,,,0.0,,,0.0,False,True,False,False,False,competitive_novel_behavior_without_parent_gain,-0.03198628647108551,0.09326834788577659,,,False,unexecuted alternative rankings do not predict alternative offspring
minimax-niche_fixed_dev-b9,niche_fixed_dev,9,2,5,4,False,0,0,False,False,,,,False,False,False,False,0,,,,0.0,,,0.0,False,True,True,False,True,competitive_local_improvement,0.020352385022798916,0.07291596286297768,,1,False,unexecuted alternative rankings do not predict alternative offspring
minimax-niche_fixed_dev-b9,niche_fixed_dev,9,3,6,5,True,1,1,False,False,5,5,5,False,False,False,False,1,1,0.4,0.4,0.0,0.005088096255699729,0.005088096255699729,0.0,False,False,False,False,False,invalid_program,,,2,,False,unexecuted alternative rankings do not predict alternative offspring
minimax-niche_fixed_dev-b9,niche_fixed_dev,9,4,7,,False,1,1,False,False,5,5,5,False,False,False,False,0,2,0.5,0.5,0.0,0.0025440481278498645,0.0025440481278498645,0.0,False,False,False,False,False,invalid_program,,,,,False,unexecuted alternative rankings do not predict alternative offspring
minimax-niche_fixed_dev-b9,niche_fixed_dev,9,5,8,5,True,1,1,False,False,5,5,5,False,False,False,False,0,2,0.5,0.5,0.0,0.0025440481278498645,0.0025440481278498645,0.0,False,False,False,False,False,invalid_program,,,2,,False,unexecuted alternative rankings do not predict alternative offspring
minimax-niche_fixed_dev-b9,niche_fixed_dev,9,6,9,4,False,0,0,False,False,,,,False,False,False,False,0,,,,0.0,,,0.0,False,False,False,False,False,invalid_program,,,,,False,unexecuted alternative rankings do not predict alternative offspring
minimax-niche_fixed_dev-b9,niche_fixed_dev,9,7,10,5,False,0,0,False,False,,,,False,False,False,False,0,,,,0.0,,,0.0,False,True,True,False,True,competitive_local_improvement,0.0011285660072960363,0.07178739685568164,,2,False,unexecuted alternative rankings do not predict alternative offspring
minimax-relational_branch-b4,relational_branch,4,0,3,1,False,0,0,False,False,,,,False,False,False,False,0,,,,0.0,,,0.0,False,False,False,False,False,invalid_program,,,,,False,unexecuted alternative rankings do not predict alternative offspring
minimax-relational_branch-b4,relational_branch,4,1,4,2,False,0,0,False,False,,,,False,False,False,False,0,,,,0.0,,,0.0,False,False,False,False,False,invalid_program,,,,,False,unexecuted alternative rankings do not predict alternative offspring
minimax-relational_branch-b4,relational_branch,4,2,5,1,False,0,0,False,False,,,,False,False,False,False,0,,,,0.0,,,0.0,False,False,False,False,False,invalid_program,,,,,False,unexecuted alternative rankings do not predict alternative offspring
minimax-relational_branch-b4,relational_branch,4,3,6,2,False,0,0,False,False,,,,False,False,False,False,0,,,,0.0,,,0.0,False,True,False,False,False,low_quality_novel_behavior,-0.02733453939733449,0.10865227740706383,,,False,unexecuted alternative rankings do not predict alternative offspring
minimax-relational_branch-b4,relational_branch,4,4,7,,False,0,0,False,False,,,,False,False,False,False,0,,,,0.0,,,0.0,False,False,False,False,False,invalid_program,,,,,False,unexecuted alternative rankings do not predict alternative offspring
minimax-relational_branch-b4,relational_branch,4,5,8,1,False,0,0,False,False,,,,False,False,False,False,0,,,,0.0,,,0.0,False,True,True,True,True,competitive_local_improvement,0.001540340084076386,0.0637492251910017,,1,False,unexecuted alternative rankings do not predict alternative offspring
minimax-relational_branch-b4,relational_branch,4,6,9,8,False,1,1,False,False,8,8,8,False,False,False,False,1,1,0.25,0.25,0.0,0.0003850850210190965,0.0003850850210190965,0.0,False,False,False,False,False,invalid_program,,,,,False,unexecuted alternative rankings do not predict alternative offspring
minimax-relational_branch-b4,relational_branch,4,7,10,8,True,1,1,False,False,8,8,8,False,False,False,False,1,1,0.2222222222222222,0.2222222222222222,0.0,0.0003850850210190965,0.0003850850210190965,0.0,False,False,False,False,False,invalid_program,,,2,,False,unexecuted alternative rankings do not predict alternative offspring
minimax-niche_fixed_dev-b4,niche_fixed_dev,4,0,3,1,False,0,0,False,False,,,,False,False,False,False,0,,,,0.0,,,0.0,False,False,False,False,False,invalid_program,,,,,False,unexecuted alternative rankings do not predict alternative offspring
minimax-niche_fixed_dev-b4,niche_fixed_dev,4,1,4,2,False,0,0,False,False,,,,False,False,False,False,0,,,,0.0,,,0.0,False,False,False,False,False,invalid_program,,,,,False,unexecuted alternative rankings do not predict alternative offspring
minimax-niche_fixed_dev-b4,niche_fixed_dev,4,2,5,1,False,0,0,False,False,,,,False,False,False,False,0,,,,0.0,,,0.0,False,False,False,False,False,invalid_program,,,,,False,unexecuted alternative rankings do not predict alternative offspring
minimax-niche_fixed_dev-b4,niche_fixed_dev,4,3,6,2,False,0,0,False,False,,,,False,False,False,False,0,,,,0.0,,,0.0,False,True,False,False,False,low_quality_novel_behavior,-0.07834952345581743,0.15966726146554677,,,False,unexecuted alternative rankings do not predict alternative offspring
minimax-niche_fixed_dev-b4,niche_fixed_dev,4,4,7,,False,0,0,False,False,,,,False,False,False,False,0,,,,0.0,,,0.0,False,True,False,False,False,competitive_novel_behavior_without_parent_gain,,0.07275307455047628,,,False,unexecuted alternative rankings do not predict alternative offspring
minimax-niche_fixed_dev-b4,niche_fixed_dev,4,5,8,1,False,0,0,False,False,,,,False,False,False,False,0,,,,0.0,,,0.0,False,True,False,False,False,competitive_novel_behavior_without_parent_gain,-0.023180115932205925,0.088469681207284,,,False,unexecuted alternative rankings do not predict alternative offspring
minimax-niche_fixed_dev-b4,niche_fixed_dev,4,6,9,1,False,0,0,False,False,,,,False,False,False,False,0,,,,0.0,,,0.0,False,False,False,False,False,invalid_program,,,,,False,unexecuted alternative rankings do not predict alternative offspring
minimax-niche_fixed_dev-b4,niche_fixed_dev,4,7,10,8,False,0,0,False,False,,,,False,False,False,False,0,,,,0.0,,,0.0,False,False,False,False,False,invalid_program,,,,,False,unexecuted alternative rankings do not predict alternative offspring
minimax-relational_branch-b9,relational_branch,9,0,3,1,False,0,0,False,False,,,,False,False,False,False,0,,,,0.0,,,0.0,False,False,False,False,False,invalid_program,,,,,False,unexecuted alternative rankings do not predict alternative offspring
minimax-relational_branch-b9,relational_branch,9,1,4,1,False,0,0,False,False,,,,False,False,False,False,0,,,,0.0,,,0.0,False,False,False,False,False,invalid_program,,,,,False,unexecuted alternative rankings do not predict alternative offspring
minimax-relational_branch-b9,relational_branch,9,2,5,1,False,0,0,False,False,,,,False,False,False,False,0,,,,0.0,,,0.0,False,False,False,False,False,invalid_program,,,,,False,unexecuted alternative rankings do not predict alternative offspring
minimax-relational_branch-b9,relational_branch,9,3,6,1,False,0,0,False,False,,,,False,False,False,False,0,,,,0.0,,,0.0,False,False,False,False,False,invalid_program,,,,,False,unexecuted alternative rankings do not predict alternative offspring
minimax-relational_branch-b9,relational_branch,9,4,7,,False,0,0,False,False,,,,False,False,False,False,0,,,,0.0,,,0.0,False,False,False,False,False,invalid_program,,,,,False,unexecuted alternative rankings do not predict alternative offspring
minimax-relational_branch-b9,relational_branch,9,5,8,1,False,0,0,False,False,,,,False,False,False,False,0,,,,0.0,,,0.0,False,False,False,False,False,invalid_program,,,,,False,unexecuted alternative rankings do not predict alternative offspring
minimax-relational_branch-b9,relational_branch,9,6,9,1,False,0,0,False,False,,,,False,False,False,False,0,,,,0.0,,,0.0,False,False,False,False,False,invalid_program,,,,,False,unexecuted alternative rankings do not predict alternative offspring
minimax-relational_branch-b9,relational_branch,9,7,10,1,False,0,0,False,False,,,,False,False,False,False,0,,,,0.0,,,0.0,False,False,False,False,False,invalid_program,,,,,False,unexecuted alternative rankings do not predict alternative offspring
