job_id,provider,model,task,method,block,regime,steps,token_budget,single_test_loss,selector_test_loss,single_algorithm_seconds,selected_algorithm_seconds,saved_selector_feature_and_predict_seconds,selector_total_seconds,end_to_end_time_ratio,single_feature_calls,selected_feature_calls,selected_local_checks,test_instances,prediction_timing_mode,exact_reference_generation_timed,replay_matches
minimax-tsp-niche-b0-slots8,minimax-cn-coding-plan,MiniMax-M3,tsp,niche,0,slots8,8,,0.0753478855068519,0.07428265835133004,0.32766449998598546,0.31198599992785603,0.11965479992795736,0.4316407998558134,1.3173254956648495,2376,2376,864,36,saved 36-instance batch time averaged per instance,False,True
minimax-tsp-niche-b0-tokens30000,minimax-cn-coding-plan,MiniMax-M3,tsp,niche,0,tokens30000,32,30000,0.05240714875845718,0.06872415201157352,0.285000899923034,0.2823287999490276,0.0658627999946475,0.3481915999436751,1.2217210543465162,2376,2376,864,36,saved 36-instance batch time averaged per instance,False,True
minimax-tsp-relational-b0-slots8,minimax-cn-coding-plan,MiniMax-M3,tsp,relational,0,slots8,8,,0.07798923407672351,0.07798923407672351,0.2310797000536695,0.24036809999961406,0.09212570008821785,0.3324938000878319,1.4388706580915953,2376,2376,864,36,saved 36-instance batch time averaged per instance,False,True
minimax-tsp-relational-b0-tokens30000,minimax-cn-coding-plan,MiniMax-M3,tsp,relational,0,tokens30000,32,30000,0.07798923407672351,0.06998968911764172,0.22905540000647306,0.28054289997089654,0.06514540000353009,0.3456882999744266,1.5091907894974645,2376,2376,864,36,saved 36-instance batch time averaged per instance,False,True
minimax-tsp-relational_qp-b0-slots8,minimax-cn-coding-plan,MiniMax-M3,tsp,relational_qp,0,slots8,8,,0.07798923407672351,0.07798923407672351,0.24101669993251562,0.2330348000396043,0.06711319996975362,0.30014800000935793,1.245341090859675,2376,2376,864,36,saved 36-instance batch time averaged per instance,False,True
minimax-tsp-relational_qp-b0-tokens30000,minimax-cn-coding-plan,MiniMax-M3,tsp,relational_qp,0,tokens30000,32,30000,0.07798923407672351,0.07798923407672351,0.23356590000912547,0.21787970000877976,0.08246200007852167,0.30034170008730143,1.2858970426571987,2376,2376,864,36,saved 36-instance batch time averaged per instance,False,True
minimax-tsp-relational_qp_rr-b0-slots8,minimax-cn-coding-plan,MiniMax-M3,tsp,relational_qp_rr,0,slots8,8,,0.07353049598430739,0.07353049598430739,0.3365424000658095,0.3325960000511259,0.07524160004686564,0.4078376000979915,1.211846115135093,2376,2376,864,36,saved 36-instance batch time averaged per instance,False,True
minimax-tsp-relational_qp_rr-b0-tokens30000,minimax-cn-coding-plan,MiniMax-M3,tsp,relational_qp_rr,0,tokens30000,32,30000,0.07798923407672351,0.08066364364226929,0.23953600006643683,0.244779699947685,0.06460819998756051,0.3093878999352455,1.2916133685518454,2376,2376,864,36,saved 36-instance batch time averaged per instance,False,True
minimax-tsp-relational_rr-b0-slots8,minimax-cn-coding-plan,MiniMax-M3,tsp,relational_rr,0,slots8,8,,0.06409610803892883,0.06409610803892883,0.2654908000258729,0.2715000999160111,0.06501950009260327,0.33651960000861436,1.2675377074302367,2376,2376,864,36,saved 36-instance batch time averaged per instance,False,True
minimax-tsp-relational_rr-b0-tokens30000,minimax-cn-coding-plan,MiniMax-M3,tsp,relational_rr,0,tokens30000,32,30000,0.07798923407672351,0.07798923407672351,0.2238926999270916,0.2270536000141874,0.06310760008636862,0.290161200100556,1.2959833000139982,2376,2376,864,36,saved 36-instance batch time averaged per instance,False,True
qwen-tsp-niche-b0-slots8,alibaba-token-plan-cn,qwen3.7-plus,tsp,niche,0,slots8,8,,0.05186313643800565,0.07158817005956009,0.23703859990928322,0.23934099997859448,0.09664879995398223,0.3359897999325767,1.4174476227127693,2376,2376,864,36,saved 36-instance batch time averaged per instance,False,True
qwen-tsp-niche-b0-tokens30000,alibaba-token-plan-cn,qwen3.7-plus,tsp,niche,0,tokens30000,32,30000,0.055793825972090975,0.057758430677019704,0.23946309997700155,0.23919380002189428,0.09252170007675886,0.33171550009865314,1.385246829805977,2376,2376,864,36,saved 36-instance batch time averaged per instance,False,True
qwen-tsp-relational-b0-slots8,alibaba-token-plan-cn,qwen3.7-plus,tsp,relational,0,slots8,8,,0.02889961230452498,0.033263448635462795,0.25344480003695935,0.2555291000753641,0.0775993000715971,0.3331284001469612,1.3144021897406526,2376,2376,864,36,saved 36-instance batch time averaged per instance,False,True
qwen-tsp-relational-b0-tokens30000,alibaba-token-plan-cn,qwen3.7-plus,tsp,relational,0,tokens30000,32,30000,0.04932563080982112,0.05643447134326031,0.23645319999195635,0.2506219999631867,0.06273090001195669,0.3133528999751434,1.3252216505668055,2376,2376,864,36,saved 36-instance batch time averaged per instance,False,True
qwen-tsp-relational_qp-b0-slots8,alibaba-token-plan-cn,qwen3.7-plus,tsp,relational_qp,0,slots8,8,,0.05844785886118298,0.059191522645223364,0.24750789999961853,0.2405078000156209,0.0829092999920249,0.3234171000076458,1.3066940489905343,2376,2376,864,36,saved 36-instance batch time averaged per instance,False,True
qwen-tsp-relational_qp-b0-tokens30000,alibaba-token-plan-cn,qwen3.7-plus,tsp,relational_qp,0,tokens30000,32,30000,0.05844785886118298,0.05844785886118298,0.2548919999971986,0.2335804000031203,0.06795729999430478,0.3015376999974251,1.183001820381727,2376,2376,864,36,saved 36-instance batch time averaged per instance,False,True
qwen-tsp-relational_qp_rr-b0-slots8,alibaba-token-plan-cn,qwen3.7-plus,tsp,relational_qp_rr,0,slots8,8,,0.05434974124647226,0.05204609596075099,0.2525560000212863,0.26429490000009537,0.06361799989826977,0.32791289989836514,1.2983769931054003,2376,2376,864,36,saved 36-instance batch time averaged per instance,False,True
qwen-tsp-relational_qp_rr-b0-tokens30000,alibaba-token-plan-cn,qwen3.7-plus,tsp,relational_qp_rr,0,tokens30000,32,30000,0.07798923407672351,0.08889255346644391,0.296510300016962,0.2546343000140041,0.1188687999965623,0.3735031000105664,1.259663155004059,2376,2376,864,36,saved 36-instance batch time averaged per instance,False,True
qwen-tsp-relational_rr-b0-slots8,alibaba-token-plan-cn,qwen3.7-plus,tsp,relational_rr,0,slots8,8,,0.04347354180268412,0.059219215872887476,0.27405570005066693,0.26215419999789447,0.0646183000644669,0.32677250006236136,1.1923579768709363,2376,2376,864,36,saved 36-instance batch time averaged per instance,False,True
qwen-tsp-relational_rr-b0-tokens30000,alibaba-token-plan-cn,qwen3.7-plus,tsp,relational_rr,0,tokens30000,32,30000,0.07798923407672351,0.08114188322661392,0.24856380000710487,0.23827809991780668,0.09262880007736385,0.33090689999517053,1.3312755115013208,2376,2376,864,36,saved 36-instance batch time averaged per instance,False,True
minimax-tsp-niche-b1-slots8,minimax-cn-coding-plan,MiniMax-M3,tsp,niche,1,slots8,8,,0.05868623046156355,0.07033494901979585,0.22867020010016859,0.24998000008054078,0.06407409999519587,0.31405410007573664,1.3733932096887385,2376,2376,864,36,saved 36-instance batch time averaged per instance,False,True
minimax-tsp-niche-b1-tokens30000,minimax-cn-coding-plan,MiniMax-M3,tsp,niche,1,tokens30000,32,30000,0.030621346810096355,0.05888051139194306,0.25794599996879697,0.29336879996117204,0.06525589991360903,0.35862469987478107,1.3903092116883493,2376,2376,864,36,saved 36-instance batch time averaged per instance,False,True
minimax-tsp-relational-b1-slots8,minimax-cn-coding-plan,MiniMax-M3,tsp,relational,1,slots8,8,,0.04672769730895216,0.055007865633701816,0.2663555999752134,0.26299999991897494,0.068245799979195,0.33124579989816993,1.2436224353045142,2376,2376,864,36,saved 36-instance batch time averaged per instance,False,True
minimax-tsp-relational-b1-tokens30000,minimax-cn-coding-plan,MiniMax-M3,tsp,relational,1,tokens30000,32,30000,0.06126060245883437,0.06713468876822087,0.24534100003074855,0.2235749999526888,0.06618869991507381,0.2897636998677626,1.1810651290711565,2376,2376,864,36,saved 36-instance batch time averaged per instance,False,True
minimax-tsp-relational_qp-b1-slots8,minimax-cn-coding-plan,MiniMax-M3,tsp,relational_qp,1,slots8,8,,0.05733297248122856,0.057618614952911616,0.2563631000230089,0.24957850005012006,0.06776289991103113,0.3173413999611512,1.2378591144071414,2376,2376,864,36,saved 36-instance batch time averaged per instance,False,True
minimax-tsp-relational_qp-b1-tokens30000,minimax-cn-coding-plan,MiniMax-M3,tsp,relational_qp,1,tokens30000,32,30000,0.06817287696465951,0.06992706357065173,0.34839049994479865,0.3566522999899462,0.08285760006401688,0.43950990005396307,1.2615438713845584,2376,2376,864,36,saved 36-instance batch time averaged per instance,False,True
minimax-tsp-relational_qp_rr-b1-slots8,minimax-cn-coding-plan,MiniMax-M3,tsp,relational_qp_rr,1,slots8,8,,0.0680063516977589,0.05331990485278201,0.2281569999177009,0.25702160003129393,0.06852740002796054,0.32554900005925447,1.426863958487726,2376,2376,864,36,saved 36-instance batch time averaged per instance,False,True
minimax-tsp-relational_qp_rr-b1-tokens30000,minimax-cn-coding-plan,MiniMax-M3,tsp,relational_qp_rr,1,tokens30000,32,30000,0.06126060245883437,0.06330647582914678,0.22934259998146445,0.22906959999818355,0.0651669999351725,0.29423659993335605,1.282956589648571,2376,2376,864,36,saved 36-instance batch time averaged per instance,False,True
minimax-tsp-relational_rr-b1-slots8,minimax-cn-coding-plan,MiniMax-M3,tsp,relational_rr,1,slots8,8,,0.058337270423890204,0.06232238116939014,0.2243027000222355,0.21448919991962612,0.06302110000979155,0.27751029992941767,1.2372133723843164,2376,2376,864,36,saved 36-instance batch time averaged per instance,False,True
minimax-tsp-relational_rr-b1-tokens30000,minimax-cn-coding-plan,MiniMax-M3,tsp,relational_rr,1,tokens30000,32,30000,0.05888835255435846,0.07008878663551898,0.213905300013721,0.2358198999427259,0.08963800000492483,0.32545789994765073,1.5215046094078744,2376,2376,864,36,saved 36-instance batch time averaged per instance,False,True
qwen-tsp-niche-b1-slots8,alibaba-token-plan-cn,qwen3.7-plus,tsp,niche,1,slots8,8,,0.044768149506068146,0.04857774135877112,0.24750510009471327,0.30082840006798506,0.08906310005113482,0.3898915001191199,1.575286731343796,2376,2376,864,36,saved 36-instance batch time averaged per instance,False,True
qwen-tsp-niche-b1-tokens30000,alibaba-token-plan-cn,qwen3.7-plus,tsp,niche,1,tokens30000,32,30000,0.06342870067576761,0.060931303732214635,0.2617214999627322,0.26170759997330606,0.06396029994357377,0.32566789991687983,1.2443299460046395,2376,2376,864,36,saved 36-instance batch time averaged per instance,False,True
qwen-tsp-relational-b1-slots8,alibaba-token-plan-cn,qwen3.7-plus,tsp,relational,1,slots8,8,,0.047128511241972065,0.0451157394978822,0.24930829997174442,0.23739699996076524,0.08656790002714843,0.32396489998791367,1.2994549320043918,2376,2376,864,36,saved 36-instance batch time averaged per instance,False,True
qwen-tsp-relational-b1-tokens30000,alibaba-token-plan-cn,qwen3.7-plus,tsp,relational,1,tokens30000,32,30000,0.06126060245883437,0.06485270570364099,0.2376853000605479,0.23798829992301762,0.09586090000811964,0.33384919993113726,1.4045849694789396,2376,2376,864,36,saved 36-instance batch time averaged per instance,False,True
qwen-tsp-relational_qp-b1-slots8,alibaba-token-plan-cn,qwen3.7-plus,tsp,relational_qp,1,slots8,8,,0.043833333534036484,0.04804887203441539,0.23445270000956953,0.23442699993029237,0.06919660000130534,0.3036235999315977,1.295031364190751,2376,2376,864,36,saved 36-instance batch time averaged per instance,False,True
qwen-tsp-relational_qp-b1-tokens30000,alibaba-token-plan-cn,qwen3.7-plus,tsp,relational_qp,1,tokens30000,32,30000,0.0738464453045773,0.07712117924411732,0.26155569998081774,0.2547836999874562,0.09146349993534386,0.34624719992280006,1.3237990988083743,2376,2376,864,36,saved 36-instance batch time averaged per instance,False,True
qwen-tsp-relational_qp_rr-b1-slots8,alibaba-token-plan-cn,qwen3.7-plus,tsp,relational_qp_rr,1,slots8,8,,0.06126060245883437,0.06820399278012451,0.2518243999220431,0.24977480003144592,0.06301839998923242,0.31279320002067834,1.2421083902811216,2376,2376,864,36,saved 36-instance batch time averaged per instance,False,True
qwen-tsp-relational_qp_rr-b1-tokens30000,alibaba-token-plan-cn,qwen3.7-plus,tsp,relational_qp_rr,1,tokens30000,32,30000,0.07005354638393319,0.07785798519821725,0.2449880000203848,0.25610950007103384,0.09066980006173253,0.34677930013276637,1.415495045079399,2376,2376,864,36,saved 36-instance batch time averaged per instance,False,True
qwen-tsp-relational_rr-b1-slots8,alibaba-token-plan-cn,qwen3.7-plus,tsp,relational_rr,1,slots8,8,,0.06260632551445816,0.059000300882123255,0.2645574000198394,0.25522959989029914,0.06891489995177835,0.3241444998420775,1.225233162322315,2376,2376,864,36,saved 36-instance batch time averaged per instance,False,True
qwen-tsp-relational_rr-b1-tokens30000,alibaba-token-plan-cn,qwen3.7-plus,tsp,relational_rr,1,tokens30000,32,30000,0.05316243736720468,0.056675690081855544,0.2322133999550715,0.25009340001270175,0.09741720010060817,0.3475106001133099,1.4965139831747265,2376,2376,864,36,saved 36-instance batch time averaged per instance,False,True
minimax-tsp-niche-b2-slots8,minimax-cn-coding-plan,MiniMax-M3,tsp,niche,2,slots8,8,,0.05206376641266345,0.05102935154440657,0.20606709993444383,0.22778469999320805,0.07200479996390641,0.29978949995711446,1.454814961012634,2376,2376,864,36,saved 36-instance batch time averaged per instance,False,True
minimax-tsp-niche-b2-tokens30000,minimax-cn-coding-plan,MiniMax-M3,tsp,niche,2,tokens30000,32,30000,0.038170672259754554,0.04037581497385612,0.29299069999251515,0.29591220000293106,0.06168059993069619,0.35759279993362725,1.2204919812907455,2376,2376,864,36,saved 36-instance batch time averaged per instance,False,True
minimax-tsp-relational-b2-slots8,minimax-cn-coding-plan,MiniMax-M3,tsp,relational,2,slots8,8,,0.05206376641266345,0.041599121208279174,0.22529580001719296,0.32108260004315525,0.06948710000142455,0.3905697000445798,1.7335862453484456,2376,2376,864,36,saved 36-instance batch time averaged per instance,False,True
minimax-tsp-relational-b2-tokens30000,minimax-cn-coding-plan,MiniMax-M3,tsp,relational,2,tokens30000,32,30000,0.05206376641266345,0.057674013501132486,0.22567449999041855,0.25005579995922744,0.09904550004284829,0.34910130000207573,1.5469239990202592,2376,2376,864,36,saved 36-instance batch time averaged per instance,False,True
minimax-tsp-relational_qp-b2-slots8,minimax-cn-coding-plan,MiniMax-M3,tsp,relational_qp,2,slots8,8,,0.05206376641266345,0.059174678118603205,0.22777290001977235,0.3274970999918878,0.06209219992160797,0.3895892999134958,1.7104286764565784,2376,2376,864,36,saved 36-instance batch time averaged per instance,False,True
minimax-tsp-relational_qp-b2-tokens30000,minimax-cn-coding-plan,MiniMax-M3,tsp,relational_qp,2,tokens30000,32,30000,0.05206376641266345,0.05206376641266345,0.20747500006109476,0.23116819991264492,0.06717000005301088,0.2983381999656558,1.4379477039537523,2376,2376,864,36,saved 36-instance batch time averaged per instance,False,True
minimax-tsp-relational_qp_rr-b2-slots8,minimax-cn-coding-plan,MiniMax-M3,tsp,relational_qp_rr,2,slots8,8,,0.05206376641266345,0.05206376641266345,0.21501719998195767,0.22994099999777973,0.06954600010067225,0.29948700009845197,1.3928513631634225,2376,2376,864,36,saved 36-instance batch time averaged per instance,False,True
minimax-tsp-relational_qp_rr-b2-tokens30000,minimax-cn-coding-plan,MiniMax-M3,tsp,relational_qp_rr,2,tokens30000,32,30000,0.05206376641266345,0.05242246836835903,0.2186132000060752,0.23310199996922165,0.06569359998684376,0.2987955999560654,1.3667774862074291,2376,2376,864,36,saved 36-instance batch time averaged per instance,False,True
minimax-tsp-relational_rr-b2-slots8,minimax-cn-coding-plan,MiniMax-M3,tsp,relational_rr,2,slots8,8,,0.05206376641266345,0.05206376641266345,0.2217345000244677,0.2155860000057146,0.1334473000606522,0.3490333000663668,1.574104616231809,2376,2376,864,36,saved 36-instance batch time averaged per instance,False,True
minimax-tsp-relational_rr-b2-tokens30000,minimax-cn-coding-plan,MiniMax-M3,tsp,relational_rr,2,tokens30000,32,30000,0.05206376641266345,0.05206376641266345,0.21789369999896735,0.21621489990502596,0.06370139995124191,0.27991629985626787,1.2846461364307205,2376,2376,864,36,saved 36-instance batch time averaged per instance,False,True
qwen-tsp-niche-b2-slots8,alibaba-token-plan-cn,qwen3.7-plus,tsp,niche,2,slots8,8,,0.05206376641266345,0.04306761364959994,0.21370399999432266,0.22372009989339858,0.06576220004353672,0.2894822999369353,1.3545946727465363,2376,2376,864,36,saved 36-instance batch time averaged per instance,False,True
qwen-tsp-niche-b2-tokens30000,alibaba-token-plan-cn,qwen3.7-plus,tsp,niche,2,tokens30000,32,30000,0.05206376641266345,0.035829466068654524,0.21473769994918257,0.2222298999549821,0.0896671999944374,0.3118970999494195,1.4524561826974471,2376,2376,864,36,saved 36-instance batch time averaged per instance,False,True
qwen-tsp-relational-b2-slots8,alibaba-token-plan-cn,qwen3.7-plus,tsp,relational,2,slots8,8,,0.030257266916305408,0.02806646555534044,0.2618291999679059,0.23642730002757162,0.09491639991756529,0.3313436999451369,1.265495597839171,2376,2376,864,36,saved 36-instance batch time averaged per instance,False,True
qwen-tsp-relational-b2-tokens30000,alibaba-token-plan-cn,qwen3.7-plus,tsp,relational,2,tokens30000,32,30000,0.05206376641266345,0.0565781759785986,0.2120361999841407,0.2173699999693781,0.06534490000922233,0.28271489997860044,1.3333331761262754,2376,2376,864,36,saved 36-instance batch time averaged per instance,False,True
qwen-tsp-relational_qp-b2-slots8,alibaba-token-plan-cn,qwen3.7-plus,tsp,relational_qp,2,slots8,8,,0.05206376641266345,0.05206376641266345,0.2256323000183329,0.21445899992249906,0.06523870001547039,0.27969769993796945,1.2396172884611099,2376,2376,864,36,saved 36-instance batch time averaged per instance,False,True
qwen-tsp-relational_qp-b2-tokens30000,alibaba-token-plan-cn,qwen3.7-plus,tsp,relational_qp,2,tokens30000,32,30000,0.05206376641266345,0.060896476280633466,0.2266661999747157,0.23337499995250255,0.06596999999601394,0.2993449999485165,1.3206424247722333,2376,2376,864,36,saved 36-instance batch time averaged per instance,False,True
qwen-tsp-relational_qp_rr-b2-slots8,alibaba-token-plan-cn,qwen3.7-plus,tsp,relational_qp_rr,2,slots8,8,,0.05206376641266345,0.0565781759785986,0.21562120004091412,0.2102136000758037,0.06892420002259314,0.27913780009839684,1.2945749306906298,2376,2376,864,36,saved 36-instance batch time averaged per instance,False,True
qwen-tsp-relational_qp_rr-b2-tokens30000,alibaba-token-plan-cn,qwen3.7-plus,tsp,relational_qp_rr,2,tokens30000,32,30000,0.05206376641266345,0.043095619578916146,0.22255580010823905,0.21493730007205158,0.08169579994864762,0.2966331000206992,1.3328482109944246,2376,2376,864,36,saved 36-instance batch time averaged per instance,False,True
qwen-tsp-relational_rr-b2-slots8,alibaba-token-plan-cn,qwen3.7-plus,tsp,relational_rr,2,slots8,8,,0.05206376641266345,0.048121828983359316,0.21606170001905411,0.22366650006733835,0.0975297000259161,0.32119620009325445,1.48659480169289,2376,2376,864,36,saved 36-instance batch time averaged per instance,False,True
qwen-tsp-relational_rr-b2-tokens30000,alibaba-token-plan-cn,qwen3.7-plus,tsp,relational_rr,2,tokens30000,32,30000,0.05206376641266345,0.05459127985951196,0.21586360002402216,0.23395449994131923,0.07422059995587915,0.3081750998971984,1.4276381004620669,2376,2376,864,36,saved 36-instance batch time averaged per instance,False,True
minimax-tsp-niche-b3-slots8,minimax-cn-coding-plan,MiniMax-M3,tsp,niche,3,slots8,8,,0.05899181756092463,0.0624067604056447,0.35799950000364333,0.330659200088121,0.0665472000837326,0.3972064001718536,1.1095166338718665,2376,2376,864,36,saved 36-instance batch time averaged per instance,False,True
minimax-tsp-niche-b3-tokens30000,minimax-cn-coding-plan,MiniMax-M3,tsp,niche,3,tokens30000,32,30000,0.06278023053274404,0.05978424695933119,0.21030839998275042,0.22326580004300922,0.08252379996702075,0.30578960001002997,1.4540056414061966,2376,2376,864,36,saved 36-instance batch time averaged per instance,False,True
minimax-tsp-relational-b3-slots8,minimax-cn-coding-plan,MiniMax-M3,tsp,relational,3,slots8,8,,0.07539966942268499,0.06895029416463706,0.28329040005337447,0.3247685000533238,0.08838259999174625,0.41315110004507005,1.458401343523214,2376,2376,864,36,saved 36-instance batch time averaged per instance,False,True
minimax-tsp-relational-b3-tokens30000,minimax-cn-coding-plan,MiniMax-M3,tsp,relational,3,tokens30000,32,30000,0.06278023053274404,0.056064054238232894,0.21516679995693266,0.2332272999919951,0.06336280005052686,0.29659010004252195,1.3784194406473806,2376,2376,864,36,saved 36-instance batch time averaged per instance,False,True
minimax-tsp-relational_qp-b3-slots8,minimax-cn-coding-plan,MiniMax-M3,tsp,relational_qp,3,slots8,8,,0.08560787797695248,0.06509541394664294,0.321267299936153,0.29151390003971756,0.06554250000044703,0.3570564000401646,1.111399759985296,2376,2376,864,36,saved 36-instance batch time averaged per instance,False,True
minimax-tsp-relational_qp-b3-tokens30000,minimax-cn-coding-plan,MiniMax-M3,tsp,relational_qp,3,tokens30000,32,30000,0.05895714589331033,0.05895714589331033,0.23622429999522865,0.23642309999559075,0.06372279999777675,0.3001458999933675,1.2705970554232988,2376,2376,864,36,saved 36-instance batch time averaged per instance,False,True
minimax-tsp-relational_qp_rr-b3-slots8,minimax-cn-coding-plan,MiniMax-M3,tsp,relational_qp_rr,3,slots8,8,,0.052108111771053,0.05475533085601489,0.29211379995103925,0.2807100999634713,0.06317000009585172,0.343880100059323,1.1772127852808056,2376,2376,864,36,saved 36-instance batch time averaged per instance,False,True
minimax-tsp-relational_qp_rr-b3-tokens30000,minimax-cn-coding-plan,MiniMax-M3,tsp,relational_qp_rr,3,tokens30000,32,30000,0.06796783840920469,0.06603450420321298,0.24463540001306683,0.21972240007016808,0.09867440001107752,0.3183968000812456,1.3015156435423447,2376,2376,864,36,saved 36-instance batch time averaged per instance,False,True
minimax-tsp-relational_rr-b3-slots8,minimax-cn-coding-plan,MiniMax-M3,tsp,relational_rr,3,slots8,8,,0.049861715493903246,0.042503362426823496,0.2802232999820262,0.2709170999005437,0.06463469995651394,0.33555179985705763,1.1974443234327061,2376,2376,864,36,saved 36-instance batch time averaged per instance,False,True
minimax-tsp-relational_rr-b3-tokens30000,minimax-cn-coding-plan,MiniMax-M3,tsp,relational_rr,3,tokens30000,32,30000,0.07987316151928911,0.06691741029603539,0.2583919999888167,0.2536569000221789,0.07998769998084754,0.3336446000030264,1.2912342488059487,2376,2376,864,36,saved 36-instance batch time averaged per instance,False,True
qwen-tsp-niche-b3-slots8,alibaba-token-plan-cn,qwen3.7-plus,tsp,niche,3,slots8,8,,0.06943237431840063,0.09055176348697778,0.24154399998951703,0.22442920005414635,0.10483960004057735,0.3292688000947237,1.363183519810113,2376,2376,864,36,saved 36-instance batch time averaged per instance,False,True
qwen-tsp-niche-b3-tokens30000,alibaba-token-plan-cn,qwen3.7-plus,tsp,niche,3,tokens30000,32,30000,0.05980205600757577,0.0648758930389037,0.2438452000496909,0.22664479992818087,0.0646953999530524,0.2913401998812333,1.1947752091157169,2376,2376,864,36,saved 36-instance batch time averaged per instance,False,True
qwen-tsp-relational-b3-slots8,alibaba-token-plan-cn,qwen3.7-plus,tsp,relational,3,slots8,8,,0.06943237431840063,0.0801163153194243,0.23390509991440922,0.2329030999680981,0.12568820000160486,0.35859129996970296,1.5330631957187724,2376,2376,864,36,saved 36-instance batch time averaged per instance,False,True
qwen-tsp-relational-b3-tokens30000,alibaba-token-plan-cn,qwen3.7-plus,tsp,relational,3,tokens30000,32,30000,0.06278023053274404,0.06990977178920285,0.21192779997363687,0.2298935999860987,0.09139710001181811,0.3212906999979168,1.5160384812086207,2376,2376,864,36,saved 36-instance batch time averaged per instance,False,True
qwen-tsp-relational_qp-b3-slots8,alibaba-token-plan-cn,qwen3.7-plus,tsp,relational_qp,3,slots8,8,,0.05844285706175843,0.05944254779108549,0.22086200001649559,0.22152439993806183,0.06577530002687126,0.2872996999649331,1.3008109133462318,2376,2376,864,36,saved 36-instance batch time averaged per instance,False,True
qwen-tsp-relational_qp-b3-tokens30000,alibaba-token-plan-cn,qwen3.7-plus,tsp,relational_qp,3,tokens30000,32,30000,0.05944254779108549,0.05884482392874835,0.21983239997643977,0.22734949993900955,0.08994440000969917,0.3172938999487087,1.443344566054477,2376,2376,864,36,saved 36-instance batch time averaged per instance,False,True
qwen-tsp-relational_qp_rr-b3-slots8,alibaba-token-plan-cn,qwen3.7-plus,tsp,relational_qp_rr,3,slots8,8,,0.05482945647781017,0.05659725318980671,0.21452549996320158,0.2885258999885991,0.07441100000869483,0.36293689999729395,1.6918123955406232,2376,2376,864,36,saved 36-instance batch time averaged per instance,False,True
qwen-tsp-relational_qp_rr-b3-tokens30000,alibaba-token-plan-cn,qwen3.7-plus,tsp,relational_qp_rr,3,tokens30000,32,30000,0.06278023053274404,0.059141627545738644,0.2113294000737369,0.2139286999590695,0.07398920005653054,0.2879179000156,1.3624128962422641,2376,2376,864,36,saved 36-instance batch time averaged per instance,False,True
qwen-tsp-relational_rr-b3-slots8,alibaba-token-plan-cn,qwen3.7-plus,tsp,relational_rr,3,slots8,8,,0.054542533625406876,0.054542533625406876,0.22942659992258996,0.23188530001789331,0.10187130002304912,0.33375660004094243,1.4547423888666533,2376,2376,864,36,saved 36-instance batch time averaged per instance,False,True
qwen-tsp-relational_rr-b3-tokens30000,alibaba-token-plan-cn,qwen3.7-plus,tsp,relational_rr,3,tokens30000,32,30000,0.06033368646755304,0.058201277460085105,0.21522759995423257,0.22234660002868623,0.06453049997799098,0.2868771000066772,1.3329010780572783,2376,2376,864,36,saved 36-instance batch time averaged per instance,False,True
minimax-tsp-niche-b4-slots8,minimax-cn-coding-plan,MiniMax-M3,tsp,niche,4,slots8,8,,0.04392199986383107,0.04505390529060397,0.22693479992449284,0.21914409997407347,0.06386769993696362,0.2830117999110371,1.247106217315293,2376,2376,864,36,saved 36-instance batch time averaged per instance,False,True
minimax-tsp-niche-b4-tokens30000,minimax-cn-coding-plan,MiniMax-M3,tsp,niche,4,tokens30000,32,30000,0.05186854709736476,0.052397888396270485,0.21634190005715936,0.22308840008918196,0.06534470000769943,0.2884331000968814,1.3332280987671594,2376,2376,864,36,saved 36-instance batch time averaged per instance,False,True
minimax-tsp-relational-b4-slots8,minimax-cn-coding-plan,MiniMax-M3,tsp,relational,4,slots8,8,,0.05186854709736476,0.05186854709736476,0.22129830007907003,0.20417460007593036,0.06328190001659095,0.2674565000925213,1.2085790988767602,2376,2376,864,36,saved 36-instance batch time averaged per instance,False,True
minimax-tsp-relational-b4-tokens30000,minimax-cn-coding-plan,MiniMax-M3,tsp,relational,4,tokens30000,32,30000,0.05186854709736476,0.05186854709736476,0.21517619991209358,0.21901620004791766,0.07145179994404316,0.2904679999919608,1.3499076575877182,2376,2376,864,36,saved 36-instance batch time averaged per instance,False,True
minimax-tsp-relational_qp-b4-slots8,minimax-cn-coding-plan,MiniMax-M3,tsp,relational_qp,4,slots8,8,,0.05186854709736476,0.05186854709736476,0.2117337000090629,0.20587910001631826,0.07438909995835274,0.280268199974671,1.323682531229911,2376,2376,864,36,saved 36-instance batch time averaged per instance,False,True
minimax-tsp-relational_qp-b4-tokens30000,minimax-cn-coding-plan,MiniMax-M3,tsp,relational_qp,4,tokens30000,32,30000,0.05186854709736476,0.05186854709736476,0.21013650007080287,0.2225317000411451,0.06892949994653463,0.2914611999876797,1.387008919866256,2376,2376,864,36,saved 36-instance batch time averaged per instance,False,True
minimax-tsp-relational_qp_rr-b4-slots8,minimax-cn-coding-plan,MiniMax-M3,tsp,relational_qp_rr,4,slots8,8,,0.05186854709736476,0.050234145231085686,0.21243409998714924,0.22967720008455217,0.06508410000242293,0.2947613000869751,1.3875423018470485,2376,2376,864,36,saved 36-instance batch time averaged per instance,False,True
minimax-tsp-relational_qp_rr-b4-tokens30000,minimax-cn-coding-plan,MiniMax-M3,tsp,relational_qp_rr,4,tokens30000,32,30000,0.05186854709736476,0.05186854709736476,0.2248236999148503,0.20909710007254034,0.09791680006310344,0.3070139001356438,1.365576228182003,2376,2376,864,36,saved 36-instance batch time averaged per instance,False,True
minimax-tsp-relational_rr-b4-slots8,minimax-cn-coding-plan,MiniMax-M3,tsp,relational_rr,4,slots8,8,,0.05186854709736476,0.04779055754814501,0.21011089999228716,0.3085803999565542,0.06284450006205589,0.37142490001861006,1.7677564563868151,2376,2376,864,36,saved 36-instance batch time averaged per instance,False,True
minimax-tsp-relational_rr-b4-tokens30000,minimax-cn-coding-plan,MiniMax-M3,tsp,relational_rr,4,tokens30000,32,30000,0.05186854709736476,0.05186854709736476,0.21697960002347827,0.24362680001650006,0.06525310000870377,0.3088799000252038,1.4235435035910358,2376,2376,864,36,saved 36-instance batch time averaged per instance,False,True
qwen-tsp-niche-b4-slots8,alibaba-token-plan-cn,qwen3.7-plus,tsp,niche,4,slots8,8,,0.037958237968322796,0.03494168959611453,0.2345717999851331,0.2552038000430912,0.06450119998771697,0.31970500003080815,1.3629302416192854,2376,2376,864,36,saved 36-instance batch time averaged per instance,False,True
qwen-tsp-niche-b4-tokens30000,alibaba-token-plan-cn,qwen3.7-plus,tsp,niche,4,tokens30000,32,30000,0.0426797897386037,0.035514149515033386,0.26081699994392693,0.23732479999307543,0.09677260008174926,0.3340974000748247,1.2809648149723842,2376,2376,864,36,saved 36-instance batch time averaged per instance,False,True
qwen-tsp-relational-b4-slots8,alibaba-token-plan-cn,qwen3.7-plus,tsp,relational,4,slots8,8,,0.037958237968322796,0.03848757926722852,0.2373928000451997,0.2310921000316739,0.06588789995294064,0.29697999998461455,1.2510067699107532,2376,2376,864,36,saved 36-instance batch time averaged per instance,False,True
qwen-tsp-relational-b4-tokens30000,alibaba-token-plan-cn,qwen3.7-plus,tsp,relational,4,tokens30000,32,30000,0.05186854709736476,0.03785280022860718,0.2253288000356406,0.21619499998632818,0.06606109999120235,0.28225609997753054,1.2526410291666474,2376,2376,864,36,saved 36-instance batch time averaged per instance,False,True
qwen-tsp-relational_qp-b4-slots8,alibaba-token-plan-cn,qwen3.7-plus,tsp,relational_qp,4,slots8,8,,0.05186854709736476,0.05186854709736476,0.22157079994212836,0.2719388999976218,0.07300069998018444,0.3449395999778062,1.556791779728648,2376,2376,864,36,saved 36-instance batch time averaged per instance,False,True
qwen-tsp-relational_qp-b4-tokens30000,alibaba-token-plan-cn,qwen3.7-plus,tsp,relational_qp,4,tokens30000,32,30000,0.05186854709736476,0.05595014153828686,0.21505700005218387,0.21183030004613101,0.06354010000359267,0.2753704000497237,1.2804530891015158,2376,2376,864,36,saved 36-instance batch time averaged per instance,False,True
qwen-tsp-relational_qp_rr-b4-slots8,alibaba-token-plan-cn,qwen3.7-plus,tsp,relational_qp_rr,4,slots8,8,,0.037958237968322796,0.037315177288595264,0.25415890000294894,0.22885160008445382,0.09294939995743334,0.32180100004188716,1.2661409851795604,2376,2376,864,36,saved 36-instance batch time averaged per instance,False,True
qwen-tsp-relational_qp_rr-b4-tokens30000,alibaba-token-plan-cn,qwen3.7-plus,tsp,relational_qp_rr,4,tokens30000,32,30000,0.05186854709736476,0.05186854709736476,0.22053709998726845,0.2007972999708727,0.06088320002891123,0.26168049999978393,1.186559993828207,2376,2376,864,36,saved 36-instance batch time averaged per instance,False,True
qwen-tsp-relational_rr-b4-slots8,alibaba-token-plan-cn,qwen3.7-plus,tsp,relational_rr,4,slots8,8,,0.05186854709736476,0.04454089776472837,0.22647500003222376,0.23723740002606064,0.10172969999257475,0.3389671000186354,1.4967086873624276,2376,2376,864,36,saved 36-instance batch time averaged per instance,False,True
qwen-tsp-relational_rr-b4-tokens30000,alibaba-token-plan-cn,qwen3.7-plus,tsp,relational_rr,4,tokens30000,32,30000,0.05186854709736476,0.04535044969512118,0.23087189998477697,0.22824069997295737,0.06155199999921024,0.2897926999721676,1.2552099237337921,2376,2376,864,36,saved 36-instance batch time averaged per instance,False,True
