job_id,provider,model,task,method,block,regime,steps,token_budget,relational_qp_fixed_history_decision_changes,relational_qp_fixed_history_action_changes,relational_qp_fixed_history_parent_changes,relational_rr_fixed_history_decision_changes,relational_rr_fixed_history_action_changes,relational_rr_fixed_history_parent_changes,relational_qp_rr_fixed_history_decision_changes,relational_qp_rr_fixed_history_action_changes,relational_qp_rr_fixed_history_parent_changes,restarts,restart_trigger_untried,restart_trigger_saturation,restart_trigger_no_growth,proposals,valid_proposals,global_improvements,global_improvements_colliding,local_development_events,local_only_collisions,local_only_credit_eligible,local_only_credit_exhausted,parent_improvements,neighborhood_improvements,reported_tokens,usage_complete,unused_token_fraction,mean_planner_input_tokens,mean_coder_input_tokens,local_only_identical_to_prior_observed_rule,local_only_weakly_dominated_on_validation,local_only_retained_in_search_archive,local_only_later_used_as_parent,local_only_later_used_as_reference
minimax-binpack-relational_rr-b1-slots8,minimax-cn-coding-plan,MiniMax-M3,binpack,relational_rr,1,slots8,8,,0,0,0,0,0,0,0,0,0,7,5,0,4,8,6,0,0,0,0,0,0,0,0,34654,True,,2962.875,931.125,,,,,
minimax-binpack-niche-b3-tokens30000,minimax-cn-coding-plan,MiniMax-M3,binpack,niche,3,tokens30000,32,30000,0,0,0,0,0,0,0,0,0,1,0,0,0,8,8,0,0,2,2,2,0,2,0,23113,True,0.2295666666666667,1687.875,790.75,2,2,0,0,0
qwen-binpack-relational-b4-tokens30000,alibaba-token-plan-cn,qwen3.7-plus,binpack,relational,4,tokens30000,32,30000,0,0,0,0,0,0,0,0,0,6,5,0,5,6,5,0,0,0,0,0,0,0,1,20689,True,0.3103666666666667,2657.0,577.1666666666666,,,,,
minimax-binpack-relational_qp-b3-slots8,minimax-cn-coding-plan,MiniMax-M3,binpack,relational_qp,3,slots8,8,,0,0,0,0,0,0,0,0,0,6,5,0,3,8,7,1,0,0,0,0,0,0,0,31368,True,,2782.75,742.0,,,,,
minimax-binpack-relational_qp_rr-b0-tokens30000,minimax-cn-coding-plan,MiniMax-M3,binpack,relational_qp_rr,0,tokens30000,32,30000,0,0,0,0,0,0,0,0,0,5,5,0,0,6,6,0,0,0,0,0,0,0,0,20396,True,0.3201333333333334,2301.0,705.6666666666666,,,,,
minimax-binpack-niche-b0-tokens30000,minimax-cn-coding-plan,MiniMax-M3,binpack,niche,0,tokens30000,32,30000,0,0,0,0,0,0,0,0,0,1,0,0,0,8,7,0,0,1,0,0,0,1,0,22343,True,0.2552333333333333,1658.875,812.125,,,,,
qwen-tsp-niche-b3-tokens30000,alibaba-token-plan-cn,qwen3.7-plus,tsp,niche,3,tokens30000,32,30000,0,0,0,0,0,0,0,0,0,2,0,0,0,10,10,2,0,3,1,1,0,3,0,25005,True,0.16649999999999998,1662.8,605.6,0,0,0,0,0
minimax-tsp-niche-b2-slots8,minimax-cn-coding-plan,MiniMax-M3,tsp,niche,2,slots8,8,,0,0,0,0,0,0,0,0,0,1,0,0,0,8,8,0,0,1,0,0,0,1,1,22100,True,,1651.0,773.625,,,,,
qwen-tsp-niche-b1-tokens30000,alibaba-token-plan-cn,qwen3.7-plus,tsp,niche,1,tokens30000,32,30000,3,1,1,0,0,0,3,1,1,2,0,0,0,10,10,4,3,6,2,2,0,4,6,24851,True,0.1716333333333333,1630.1,620.9,0,0,1,0,0
minimax-binpack-relational-b3-slots8,minimax-cn-coding-plan,MiniMax-M3,binpack,relational,3,slots8,8,,0,0,0,0,0,0,0,0,0,5,5,0,1,8,8,0,0,1,0,0,0,1,0,32000,True,,2866.75,773.875,,,,,
minimax-tsp-relational_rr-b2-tokens30000,minimax-cn-coding-plan,MiniMax-M3,tsp,relational_rr,2,tokens30000,32,30000,0,0,0,0,0,0,0,0,0,5,5,0,4,5,5,0,0,0,0,0,0,0,0,18407,True,0.3864333333333333,2402.4,852.8,,,,,
minimax-tsp-relational_qp-b2-tokens30000,minimax-cn-coding-plan,MiniMax-M3,tsp,relational_qp,2,tokens30000,32,30000,0,0,0,0,0,0,0,0,0,6,5,0,5,6,6,0,0,0,0,0,0,0,0,21333,True,0.28890000000000005,2314.1666666666665,850.5,,,,,
minimax-tsp-relational_qp-b4-tokens30000,minimax-cn-coding-plan,MiniMax-M3,tsp,relational_qp,4,tokens30000,32,30000,0,0,0,0,0,0,0,0,0,5,5,0,4,5,5,0,0,0,0,0,0,0,1,19424,True,0.35253333333333337,2534.0,920.4,,,,,
minimax-binpack-relational-b1-slots8,minimax-cn-coding-plan,MiniMax-M3,binpack,relational,1,slots8,8,,0,0,0,0,0,0,0,0,0,6,5,0,1,8,7,0,0,0,0,0,0,0,0,29035,True,,2480.375,741.875,,,,,
qwen-binpack-relational_qp_rr-b4-tokens30000,alibaba-token-plan-cn,qwen3.7-plus,binpack,relational_qp_rr,4,tokens30000,32,30000,0,0,0,0,0,0,0,0,0,6,5,0,5,6,6,0,0,0,0,0,0,0,0,19856,True,0.3381333333333333,2617.1666666666665,528.3333333333334,,,,,
minimax-tsp-relational-b2-slots8,minimax-cn-coding-plan,MiniMax-M3,tsp,relational,2,slots8,8,,0,0,0,0,0,0,0,0,0,6,5,0,5,8,8,0,0,0,0,0,0,0,0,29094,True,,2494.75,804.75,,,,,
minimax-tsp-niche-b1-slots8,minimax-cn-coding-plan,MiniMax-M3,tsp,niche,1,slots8,8,,1,1,1,0,0,0,1,1,1,1,0,0,0,8,7,2,2,4,0,0,0,4,2,20317,True,,1529.625,722.875,,,,,
qwen-tsp-relational-b4-slots8,alibaba-token-plan-cn,qwen3.7-plus,tsp,relational,4,slots8,8,,0,0,0,0,0,0,0,0,0,6,5,0,5,8,8,1,0,0,0,0,0,0,0,27969,True,,2631.875,633.125,,,,,
qwen-tsp-niche-b2-slots8,alibaba-token-plan-cn,qwen3.7-plus,tsp,niche,2,slots8,8,,0,0,0,0,0,0,0,0,0,1,0,0,0,8,8,0,0,1,1,1,0,0,1,20261,True,,1683.5,614.875,0,0,1,0,0
qwen-tsp-relational_rr-b3-tokens30000,alibaba-token-plan-cn,qwen3.7-plus,tsp,relational_rr,3,tokens30000,32,30000,0,0,0,0,0,0,0,0,0,4,4,0,0,6,6,1,0,2,1,1,0,1,1,18885,True,0.37050000000000005,2355.6666666666665,590.1666666666666,0,0,1,0,0
qwen-binpack-niche-b0-tokens30000,alibaba-token-plan-cn,qwen3.7-plus,binpack,niche,0,tokens30000,32,30000,0,0,0,0,0,0,0,0,0,1,0,0,0,6,5,0,0,3,3,3,0,3,0,9942,False,0.6686000000000001,1297.0,523.8,3,3,0,0,0
minimax-tsp-relational_rr-b4-slots8,minimax-cn-coding-plan,MiniMax-M3,tsp,relational_rr,4,slots8,8,,0,0,0,0,0,0,0,0,0,6,5,0,4,8,8,0,0,0,0,0,0,0,1,29930,True,,2513.625,860.875,,,,,
minimax-binpack-niche-b4-tokens30000,minimax-cn-coding-plan,MiniMax-M3,binpack,niche,4,tokens30000,32,30000,0,0,0,0,0,0,0,0,0,1,0,0,0,8,8,0,0,2,2,2,0,2,0,22680,True,0.244,1655.625,753.25,1,2,0,0,0
minimax-tsp-niche-b1-tokens30000,minimax-cn-coding-plan,MiniMax-M3,tsp,niche,1,tokens30000,32,30000,0,0,0,0,0,0,0,0,0,1,0,0,0,8,8,2,1,5,2,2,0,4,2,23745,True,0.20850000000000002,1779.625,835.125,1,1,1,1,0
qwen-binpack-relational-b3-tokens30000,alibaba-token-plan-cn,qwen3.7-plus,binpack,relational,3,tokens30000,32,30000,0,0,0,0,0,0,0,0,0,6,5,0,3,6,6,0,0,0,0,0,0,0,0,20388,True,0.3204,2561.0,598.0,,,,,
qwen-tsp-relational_qp_rr-b4-tokens30000,alibaba-token-plan-cn,qwen3.7-plus,tsp,relational_qp_rr,4,tokens30000,32,30000,0,0,0,0,0,0,0,0,0,6,5,0,5,6,6,0,0,0,0,0,0,0,0,20143,True,0.3285666666666667,2381.3333333333335,675.6666666666666,,,,,
qwen-tsp-relational_qp-b2-slots8,alibaba-token-plan-cn,qwen3.7-plus,tsp,relational_qp,2,slots8,8,,0,0,0,0,0,0,0,0,0,7,5,0,6,8,8,0,0,0,0,0,0,0,0,25441,True,,2379.5,596.5,,,,,
qwen-binpack-relational_rr-b0-slots8,alibaba-token-plan-cn,qwen3.7-plus,binpack,relational_rr,0,slots8,8,,1,1,1,0,0,0,1,1,1,7,5,0,6,8,8,0,0,1,1,1,0,1,0,27777,True,,2768.375,537.125,1,1,0,0,0
minimax-tsp-relational_qp_rr-b2-slots8,minimax-cn-coding-plan,MiniMax-M3,tsp,relational_qp_rr,2,slots8,8,,0,0,0,0,0,0,0,0,0,7,5,0,6,8,8,0,0,0,0,0,0,0,0,34675,True,,2999.25,943.0,,,,,
minimax-tsp-niche-b3-slots8,minimax-cn-coding-plan,MiniMax-M3,tsp,niche,3,slots8,8,,0,0,0,0,0,0,0,0,0,1,0,0,0,8,8,2,0,2,0,0,0,2,0,23616,True,,1765.25,830.625,,,,,
minimax-tsp-relational_qp_rr-b4-slots8,minimax-cn-coding-plan,MiniMax-M3,tsp,relational_qp_rr,4,slots8,8,,0,0,0,0,0,0,0,0,0,6,5,0,5,8,8,0,0,2,2,2,0,0,2,30381,True,,2617.625,869.375,0,1,2,0,0
qwen-binpack-niche-b3-tokens30000,alibaba-token-plan-cn,qwen3.7-plus,binpack,niche,3,tokens30000,32,30000,2,2,2,0,0,0,2,2,2,2,0,0,0,10,10,0,0,3,1,1,0,3,0,23728,True,0.20906666666666662,1511.6,611.1,1,1,0,0,0
qwen-tsp-relational_qp_rr-b1-slots8,alibaba-token-plan-cn,qwen3.7-plus,tsp,relational_qp_rr,1,slots8,8,,1,1,1,0,0,0,1,1,1,5,5,0,0,8,7,1,1,1,0,0,0,1,1,28872,True,,2731.875,633.75,,,,,
qwen-binpack-relational_qp-b2-slots8,alibaba-token-plan-cn,qwen3.7-plus,binpack,relational_qp,2,slots8,8,,0,0,0,0,0,0,0,0,0,6,5,0,5,8,8,0,0,1,1,1,0,1,0,27902,True,,2779.5,535.375,1,1,0,0,0
minimax-tsp-relational-b1-tokens30000,minimax-cn-coding-plan,MiniMax-M3,tsp,relational,1,tokens30000,32,30000,1,1,1,0,0,0,1,1,1,5,5,0,3,6,6,1,1,1,0,0,0,1,1,23076,True,0.2308,2622.5,896.3333333333334,,,,,
qwen-tsp-relational-b2-tokens30000,alibaba-token-plan-cn,qwen3.7-plus,tsp,relational,2,tokens30000,32,30000,0,0,0,0,0,0,0,0,0,6,5,0,3,7,7,0,0,0,0,0,0,0,0,22432,True,0.25226666666666664,2336.714285714286,626.1428571428571,,,,,
minimax-binpack-relational_qp-b3-tokens30000,minimax-cn-coding-plan,MiniMax-M3,binpack,relational_qp,3,tokens30000,32,30000,0,0,0,0,0,0,0,0,0,5,5,0,4,5,5,0,0,0,0,0,0,0,0,18486,True,0.38380000000000003,2614.0,728.4,,,,,
minimax-tsp-relational_qp_rr-b3-slots8,minimax-cn-coding-plan,MiniMax-M3,tsp,relational_qp_rr,3,slots8,8,,0,0,0,0,0,0,0,0,0,5,5,0,3,8,8,1,0,1,0,0,0,1,0,29554,True,,2528.0,819.5,,,,,
qwen-tsp-relational_qp_rr-b0-slots8,alibaba-token-plan-cn,qwen3.7-plus,tsp,relational_qp_rr,0,slots8,8,,1,1,1,0,0,0,1,1,1,6,5,0,2,8,8,1,0,2,2,2,0,0,2,29704,True,,2877.25,603.625,0,1,2,0,0
qwen-tsp-relational_qp-b3-slots8,alibaba-token-plan-cn,qwen3.7-plus,tsp,relational_qp,3,slots8,8,,0,0,0,0,0,0,0,0,0,5,5,0,3,8,8,1,0,1,0,0,0,1,0,26321,True,,2451.5,620.0,,,,,
qwen-binpack-relational_qp-b1-slots8,alibaba-token-plan-cn,qwen3.7-plus,binpack,relational_qp,1,slots8,8,,1,1,1,0,0,0,1,1,1,6,5,0,5,8,8,0,0,2,2,2,0,2,0,28125,True,,2791.0,544.875,2,2,0,0,0
qwen-binpack-relational_qp-b1-tokens30000,alibaba-token-plan-cn,qwen3.7-plus,binpack,relational_qp,1,tokens30000,32,30000,0,0,0,0,0,0,0,0,0,6,5,0,5,6,6,0,0,0,0,0,0,0,0,19996,True,0.3334666666666667,2620.6666666666665,538.5,,,,,
qwen-binpack-relational_qp_rr-b1-tokens30000,alibaba-token-plan-cn,qwen3.7-plus,binpack,relational_qp_rr,1,tokens30000,32,30000,0,0,0,0,0,0,0,0,0,6,5,0,5,6,6,0,0,0,0,0,0,0,0,19951,True,0.33496666666666663,2641.3333333333335,528.5,,,,,
qwen-tsp-relational_rr-b0-slots8,alibaba-token-plan-cn,qwen3.7-plus,tsp,relational_rr,0,slots8,8,,0,0,0,0,0,0,0,0,0,5,5,0,1,8,8,3,2,2,0,0,0,1,2,29184,True,,2823.375,614.625,,,,,
minimax-binpack-relational_qp_rr-b4-slots8,minimax-cn-coding-plan,MiniMax-M3,binpack,relational_qp_rr,4,slots8,8,,1,1,1,0,0,0,1,1,1,5,5,0,4,8,6,0,0,2,1,1,0,2,0,32414,True,,2883.75,760.25,1,1,0,0,0
qwen-tsp-relational_rr-b1-slots8,alibaba-token-plan-cn,qwen3.7-plus,tsp,relational_rr,1,slots8,8,,0,0,0,0,0,0,0,0,0,5,5,0,1,8,8,2,0,3,1,1,0,2,1,28817,True,,2774.5,615.625,0,0,1,0,0
qwen-binpack-niche-b1-slots8,alibaba-token-plan-cn,qwen3.7-plus,binpack,niche,1,slots8,8,,0,0,0,0,0,0,0,0,0,1,0,0,0,8,8,0,0,3,3,3,0,3,0,16225,True,,1341.25,522.125,3,3,0,0,0
qwen-binpack-niche-b4-tokens30000,alibaba-token-plan-cn,qwen3.7-plus,binpack,niche,4,tokens30000,32,30000,0,0,0,0,0,0,0,0,0,2,0,0,0,11,10,0,0,1,0,0,0,1,0,24246,True,0.19179999999999997,1411.909090909091,572.5454545454545,,,,,
minimax-binpack-relational_qp-b0-slots8,minimax-cn-coding-plan,MiniMax-M3,binpack,relational_qp,0,slots8,8,,0,0,0,0,0,0,0,0,0,5,5,0,2,8,8,0,0,0,0,0,0,0,0,33442,True,,2980.25,785.125,,,,,
minimax-binpack-relational-b0-slots8,minimax-cn-coding-plan,MiniMax-M3,binpack,relational,0,slots8,8,,0,0,0,0,0,0,0,0,0,5,5,0,3,8,8,0,0,1,1,1,0,1,0,31011,True,,2631.5,816.75,1,1,0,0,0
minimax-binpack-relational-b4-slots8,minimax-cn-coding-plan,MiniMax-M3,binpack,relational,4,slots8,8,,0,0,0,0,0,0,0,0,0,6,5,0,5,8,7,0,0,1,0,0,0,1,0,31519,True,,2823.5,763.125,,,,,
qwen-binpack-relational_qp_rr-b0-slots8,alibaba-token-plan-cn,qwen3.7-plus,binpack,relational_qp_rr,0,slots8,8,,1,1,1,0,0,0,1,1,1,6,5,0,5,8,8,0,0,2,2,2,0,2,0,28630,True,,2837.375,551.875,2,2,0,0,0
minimax-tsp-relational-b4-slots8,minimax-cn-coding-plan,MiniMax-M3,tsp,relational,4,slots8,8,,0,0,0,0,0,0,0,0,0,7,5,0,6,8,8,0,0,0,0,0,0,0,0,29521,True,,2451.25,889.75,,,,,
minimax-binpack-relational_qp_rr-b0-slots8,minimax-cn-coding-plan,MiniMax-M3,binpack,relational_qp_rr,0,slots8,8,,0,0,0,0,0,0,0,0,0,5,5,0,1,8,7,0,0,1,0,0,0,1,0,28636,True,,2363.625,805.0,,,,,
qwen-binpack-relational_qp-b4-slots8,alibaba-token-plan-cn,qwen3.7-plus,binpack,relational_qp,4,slots8,8,,0,0,0,0,0,0,0,0,0,7,5,0,4,8,8,0,0,0,0,0,0,0,0,27214,True,,2671.5,545.625,,,,,
qwen-tsp-relational_qp-b2-tokens30000,alibaba-token-plan-cn,qwen3.7-plus,tsp,relational_qp,2,tokens30000,32,30000,0,0,0,0,0,0,0,0,0,6,5,0,2,7,7,0,0,0,0,0,0,0,0,23024,True,0.23253333333333337,2527.5714285714284,574.7142857142857,,,,,
minimax-binpack-relational_rr-b2-slots8,minimax-cn-coding-plan,MiniMax-M3,binpack,relational_rr,2,slots8,8,,0,0,0,0,0,0,0,0,0,5,5,0,2,8,8,0,0,0,0,0,0,0,0,30870,True,,2673.25,780.75,,,,,
qwen-binpack-relational-b4-slots8,alibaba-token-plan-cn,qwen3.7-plus,binpack,relational,4,slots8,8,,1,1,1,0,0,0,1,1,1,7,5,0,6,8,8,0,0,1,1,1,0,1,0,27483,True,,2744.375,533.125,1,1,0,0,0
qwen-binpack-relational_rr-b0-tokens30000,alibaba-token-plan-cn,qwen3.7-plus,binpack,relational_rr,0,tokens30000,32,30000,0,0,0,0,0,0,0,0,0,6,5,0,5,6,6,0,0,0,0,0,0,0,0,20398,True,0.3200666666666667,2642.1666666666665,559.6666666666666,,,,,
minimax-binpack-relational-b0-tokens30000,minimax-cn-coding-plan,MiniMax-M3,binpack,relational,0,tokens30000,32,30000,0,0,0,0,0,0,0,0,0,5,5,0,3,6,5,0,0,0,0,0,0,0,0,20543,True,0.31523333333333337,2312.8333333333335,733.8333333333334,,,,,
qwen-tsp-relational_rr-b4-tokens30000,alibaba-token-plan-cn,qwen3.7-plus,tsp,relational_rr,4,tokens30000,32,30000,0,0,0,0,0,0,0,0,0,5,5,0,2,7,7,0,0,1,1,1,0,0,2,22870,True,0.2376666666666667,2438.1428571428573,611.1428571428571,0,0,1,0,0
minimax-tsp-relational_qp_rr-b1-tokens30000,minimax-cn-coding-plan,MiniMax-M3,tsp,relational_qp_rr,1,tokens30000,32,30000,1,1,1,0,0,0,1,1,1,3,3,0,2,5,5,1,1,1,0,0,0,1,1,19617,True,0.34609999999999996,2677.2,885.2,,,,,
minimax-tsp-relational_rr-b4-tokens30000,minimax-cn-coding-plan,MiniMax-M3,tsp,relational_rr,4,tokens30000,32,30000,0,0,0,0,0,0,0,0,0,6,5,0,5,6,6,0,0,0,0,0,0,0,0,21050,True,0.29833333333333334,2409.8333333333335,806.5,,,,,
qwen-binpack-relational-b2-slots8,alibaba-token-plan-cn,qwen3.7-plus,binpack,relational,2,slots8,8,,0,0,0,0,0,0,0,0,0,7,5,0,6,8,7,0,0,0,0,0,0,0,0,27306,True,,2710.25,533.875,,,,,
qwen-binpack-relational_qp_rr-b2-tokens30000,alibaba-token-plan-cn,qwen3.7-plus,binpack,relational_qp_rr,2,tokens30000,32,30000,0,0,0,0,0,0,0,0,0,6,5,0,5,6,6,0,0,0,0,0,0,0,0,19922,True,0.3359333333333333,2626.0,533.5,,,,,
qwen-binpack-relational-b1-tokens30000,alibaba-token-plan-cn,qwen3.7-plus,binpack,relational,1,tokens30000,32,30000,0,0,0,0,0,0,0,0,0,6,5,0,5,6,6,0,0,0,0,0,0,0,0,20030,True,0.33233333333333337,2638.3333333333335,530.3333333333334,,,,,
minimax-tsp-relational_qp-b0-slots8,minimax-cn-coding-plan,MiniMax-M3,tsp,relational_qp,0,slots8,8,,0,0,0,0,0,0,0,0,0,7,5,0,6,8,8,0,0,0,0,0,0,0,1,31058,True,,2655.625,851.75,,,,,
minimax-binpack-niche-b1-slots8,minimax-cn-coding-plan,MiniMax-M3,binpack,niche,1,slots8,8,,0,0,0,0,0,0,0,0,0,1,0,0,0,8,8,0,0,1,1,1,0,1,0,23600,True,,1744.5,804.5,1,1,0,0,0
minimax-tsp-relational_rr-b0-slots8,minimax-cn-coding-plan,MiniMax-M3,tsp,relational_rr,0,slots8,8,,0,0,0,0,0,0,0,0,0,7,5,0,6,8,7,1,1,1,0,0,0,0,1,27376,True,,2370.125,785.875,,,,,
minimax-tsp-relational_rr-b1-slots8,minimax-cn-coding-plan,MiniMax-M3,tsp,relational_rr,1,slots8,8,,1,1,1,0,0,0,1,1,1,6,5,0,4,8,8,1,1,1,0,0,0,1,1,32648,True,,2785.625,906.375,,,,,
qwen-tsp-relational-b0-tokens30000,alibaba-token-plan-cn,qwen3.7-plus,tsp,relational,0,tokens30000,32,30000,0,0,0,0,0,0,0,0,0,6,5,0,2,6,6,2,1,1,0,0,0,0,1,20464,True,0.31786666666666663,2604.8333333333335,592.8333333333334,,,,,
qwen-tsp-relational_qp-b4-tokens30000,alibaba-token-plan-cn,qwen3.7-plus,tsp,relational_qp,4,tokens30000,32,30000,0,0,0,0,0,0,0,0,0,6,5,0,3,6,6,0,0,1,1,1,0,0,2,21047,True,0.29843333333333333,2706.0,596.5,0,0,1,0,1
qwen-tsp-relational_qp-b1-slots8,alibaba-token-plan-cn,qwen3.7-plus,tsp,relational_qp,1,slots8,8,,0,0,0,0,0,0,0,0,0,5,5,0,1,8,8,2,0,3,0,0,0,3,0,27593,True,,2613.875,613.0,,,,,
minimax-tsp-relational_qp-b1-slots8,minimax-cn-coding-plan,MiniMax-M3,tsp,relational_qp,1,slots8,8,,0,0,0,0,0,0,0,0,0,5,5,0,4,8,8,1,0,1,0,0,0,1,0,29108,True,,2532.625,801.5,,,,,
minimax-tsp-relational_qp-b2-slots8,minimax-cn-coding-plan,MiniMax-M3,tsp,relational_qp,2,slots8,8,,0,0,0,0,0,0,0,0,0,6,5,0,2,8,8,0,0,0,0,0,0,0,0,30708,True,,2586.25,872.125,,,,,
qwen-binpack-relational_qp-b2-tokens30000,alibaba-token-plan-cn,qwen3.7-plus,binpack,relational_qp,2,tokens30000,32,30000,0,0,0,0,0,0,0,0,0,6,5,0,5,6,5,0,0,0,0,0,0,0,0,20077,True,0.33076666666666665,2626.0,540.8333333333334,,,,,
minimax-tsp-niche-b2-tokens30000,minimax-cn-coding-plan,MiniMax-M3,tsp,niche,2,tokens30000,32,30000,0,0,0,0,0,0,0,0,0,1,0,0,0,8,8,2,0,2,0,0,0,2,0,23699,True,0.2100333333333333,1728.875,871.5,,,,,
minimax-tsp-relational-b3-tokens30000,minimax-cn-coding-plan,MiniMax-M3,tsp,relational,3,tokens30000,32,30000,0,0,0,0,0,0,0,0,0,5,5,0,2,6,6,0,0,1,1,1,0,0,1,21674,True,0.2775333333333333,2501.8333333333335,803.0,0,0,1,0,1
qwen-binpack-relational_qp-b3-slots8,alibaba-token-plan-cn,qwen3.7-plus,binpack,relational_qp,3,slots8,8,,0,0,0,0,0,0,0,0,0,6,5,0,5,8,8,0,0,1,1,1,0,1,0,27651,True,,2769.875,530.25,1,1,0,0,0
qwen-binpack-relational_qp_rr-b0-tokens30000,alibaba-token-plan-cn,qwen3.7-plus,binpack,relational_qp_rr,0,tokens30000,32,30000,0,0,0,0,0,0,0,0,0,6,5,0,5,6,6,0,0,0,0,0,0,0,0,20453,True,0.31823333333333337,2664.1666666666665,547.6666666666666,,,,,
qwen-tsp-relational_qp_rr-b3-slots8,alibaba-token-plan-cn,qwen3.7-plus,tsp,relational_qp_rr,3,slots8,8,,0,0,0,0,0,0,0,0,0,5,5,0,3,8,8,2,0,2,0,0,0,2,1,25320,True,,2346.0,601.625,,,,,
qwen-tsp-relational-b0-slots8,alibaba-token-plan-cn,qwen3.7-plus,tsp,relational,0,slots8,8,,0,0,0,0,0,0,0,0,0,5,5,0,2,8,8,1,0,0,0,0,0,0,0,26340,True,,2466.25,609.625,,,,,
qwen-tsp-niche-b4-slots8,alibaba-token-plan-cn,qwen3.7-plus,tsp,niche,4,slots8,8,,0,0,0,0,0,0,0,0,0,1,0,0,0,8,8,1,0,1,0,0,0,1,0,20405,True,,1711.75,615.0,,,,,
minimax-binpack-relational_rr-b0-tokens30000,minimax-cn-coding-plan,MiniMax-M3,binpack,relational_rr,0,tokens30000,32,30000,0,0,0,0,0,0,0,0,0,6,5,0,5,6,2,0,0,0,0,0,0,0,0,21257,True,0.2914333333333333,2358.0,730.5,,,,,
qwen-tsp-relational_qp-b4-slots8,alibaba-token-plan-cn,qwen3.7-plus,tsp,relational_qp,4,slots8,8,,0,0,0,0,0,0,0,0,0,6,5,0,5,8,8,0,0,0,0,0,0,0,1,29328,True,,2825.375,619.125,,,,,
minimax-tsp-relational_qp_rr-b0-tokens30000,minimax-cn-coding-plan,MiniMax-M3,tsp,relational_qp_rr,0,tokens30000,32,30000,0,0,0,0,0,0,0,0,0,6,5,0,5,6,6,0,0,1,1,1,0,0,2,21022,True,0.2992666666666667,2457.3333333333335,732.3333333333334,0,0,1,0,0
minimax-binpack-relational_qp_rr-b3-slots8,minimax-cn-coding-plan,MiniMax-M3,binpack,relational_qp_rr,3,slots8,8,,1,1,1,0,0,0,1,1,1,6,5,0,5,8,8,0,0,2,2,2,0,2,0,31071,True,,2823.25,711.125,2,2,0,0,0
qwen-binpack-relational_rr-b2-tokens30000,alibaba-token-plan-cn,qwen3.7-plus,binpack,relational_rr,2,tokens30000,32,30000,0,0,0,0,0,0,0,0,0,6,5,0,5,6,6,0,0,0,0,0,0,0,0,21132,True,0.2956,2648.5,614.0,,,,,
qwen-binpack-relational_rr-b2-slots8,alibaba-token-plan-cn,qwen3.7-plus,binpack,relational_rr,2,slots8,8,,0,0,0,0,0,0,0,0,0,7,5,0,6,8,8,0,0,0,0,0,0,0,0,28046,True,,2780.625,547.375,,,,,
qwen-binpack-niche-b2-tokens30000,alibaba-token-plan-cn,qwen3.7-plus,binpack,niche,2,tokens30000,32,30000,1,1,1,0,0,0,1,1,1,2,0,0,0,11,10,0,0,3,1,1,0,3,0,23728,True,0.20906666666666662,1408.5454545454545,550.5454545454545,1,1,0,0,0
minimax-binpack-relational_rr-b4-tokens30000,minimax-cn-coding-plan,MiniMax-M3,binpack,relational_rr,4,tokens30000,32,30000,0,0,0,0,0,0,0,0,0,5,5,0,2,5,4,0,0,0,0,0,0,0,0,18477,True,0.3841,2445.0,796.4,,,,,
minimax-tsp-relational_rr-b0-tokens30000,minimax-cn-coding-plan,MiniMax-M3,tsp,relational_rr,0,tokens30000,32,30000,0,0,0,0,0,0,0,0,0,5,5,0,4,5,5,0,0,0,0,0,0,0,1,18481,True,0.3839666666666667,2456.4,897.0,,,,,
qwen-binpack-relational-b0-tokens30000,alibaba-token-plan-cn,qwen3.7-plus,binpack,relational,0,tokens30000,32,30000,0,0,0,0,0,0,0,0,0,5,5,0,4,6,6,0,0,0,0,0,0,0,0,20495,True,0.3168333333333333,2694.0,546.6666666666666,,,,,
qwen-tsp-relational-b3-slots8,alibaba-token-plan-cn,qwen3.7-plus,tsp,relational,3,slots8,8,,0,0,0,0,0,0,0,0,0,5,5,0,2,8,8,1,0,2,1,1,0,1,1,26201,True,,2451.375,608.875,0,0,1,0,1
minimax-binpack-relational_rr-b3-tokens30000,minimax-cn-coding-plan,MiniMax-M3,binpack,relational_rr,3,tokens30000,32,30000,0,0,0,0,0,0,0,0,0,6,5,0,5,6,6,0,0,0,0,0,0,0,0,20990,True,0.30033333333333334,2566.5,698.1666666666666,,,,,
minimax-tsp-niche-b4-slots8,minimax-cn-coding-plan,MiniMax-M3,tsp,niche,4,slots8,8,,0,0,0,0,0,0,0,0,0,1,0,0,0,8,6,1,0,1,0,0,0,1,0,21936,True,,1639.25,766.625,,,,,
qwen-tsp-relational_qp-b1-tokens30000,alibaba-token-plan-cn,qwen3.7-plus,tsp,relational_qp,1,tokens30000,32,30000,1,1,1,0,0,0,1,1,1,4,4,0,1,6,6,2,1,3,1,1,0,2,2,20708,True,0.3097333333333333,2645.1666666666665,584.3333333333334,0,0,1,0,0
minimax-binpack-niche-b2-slots8,minimax-cn-coding-plan,MiniMax-M3,binpack,niche,2,slots8,8,,0,0,0,0,0,0,0,0,0,1,0,0,0,8,6,0,0,1,1,1,0,1,0,21508,True,,1554.625,730.5,1,1,0,0,0
minimax-tsp-relational_qp_rr-b1-slots8,minimax-cn-coding-plan,MiniMax-M3,tsp,relational_qp_rr,1,slots8,8,,1,1,1,0,0,0,1,1,1,5,5,0,1,8,8,1,1,3,2,2,0,2,2,32300,True,,2813.625,876.375,0,0,0,0,0
minimax-tsp-niche-b4-tokens30000,minimax-cn-coding-plan,MiniMax-M3,tsp,niche,4,tokens30000,32,30000,0,0,0,0,0,0,0,0,0,1,0,0,0,8,8,0,0,1,1,1,0,0,1,21181,True,0.2939666666666667,1552.125,771.25,0,1,0,0,0
minimax-tsp-relational_qp_rr-b0-slots8,minimax-cn-coding-plan,MiniMax-M3,tsp,relational_qp_rr,0,slots8,8,,0,0,0,0,0,0,0,0,0,6,5,0,5,8,8,2,2,2,0,0,0,2,3,34971,True,,2964.125,969.125,,,,,
minimax-tsp-relational_qp-b3-tokens30000,minimax-cn-coding-plan,MiniMax-M3,tsp,relational_qp,3,tokens30000,32,30000,0,0,0,0,0,0,0,0,0,4,4,0,2,6,6,1,0,1,0,0,0,1,0,19606,True,0.3464666666666667,2210.5,795.3333333333334,,,,,
minimax-tsp-relational-b1-slots8,minimax-cn-coding-plan,MiniMax-M3,tsp,relational,1,slots8,8,,1,1,1,0,0,0,1,1,1,6,5,0,2,8,8,2,1,1,0,0,0,1,1,29018,True,,2546.875,784.75,,,,,
qwen-tsp-relational_rr-b2-tokens30000,alibaba-token-plan-cn,qwen3.7-plus,tsp,relational_rr,2,tokens30000,32,30000,0,0,0,0,0,0,0,0,0,5,5,0,2,7,7,0,0,0,0,0,0,0,0,21805,True,0.27316666666666667,2340.0,579.0,,,,,
qwen-binpack-relational-b0-slots8,alibaba-token-plan-cn,qwen3.7-plus,binpack,relational,0,slots8,8,,1,1,1,0,0,0,1,1,1,7,5,0,6,8,8,0,0,1,1,1,0,1,0,27974,True,,2784.625,541.125,1,1,0,0,0
minimax-tsp-relational_qp-b3-slots8,minimax-cn-coding-plan,MiniMax-M3,tsp,relational_qp,3,slots8,8,,0,0,0,0,0,0,0,0,0,5,5,0,1,8,6,1,0,0,0,0,0,0,0,32037,True,,2711.375,852.5,,,,,
qwen-binpack-relational_qp-b0-tokens30000,alibaba-token-plan-cn,qwen3.7-plus,binpack,relational_qp,0,tokens30000,32,30000,0,0,0,0,0,0,0,0,0,6,5,0,5,6,4,0,0,0,0,0,0,0,0,19255,True,0.35816666666666663,2436.1666666666665,562.8333333333334,,,,,
qwen-binpack-relational_rr-b3-tokens30000,alibaba-token-plan-cn,qwen3.7-plus,binpack,relational_rr,3,tokens30000,32,30000,0,0,0,0,0,0,0,0,0,6,5,0,3,6,6,0,0,0,0,0,0,0,0,19765,True,0.3411666666666666,2579.5,540.5,,,,,
qwen-binpack-niche-b0-slots8,alibaba-token-plan-cn,qwen3.7-plus,binpack,niche,0,slots8,8,,0,0,0,0,0,0,0,0,0,1,0,0,0,8,8,0,0,5,4,4,0,5,0,17768,True,,1440.0,561.5,4,4,0,0,0
minimax-binpack-relational_rr-b1-tokens30000,minimax-cn-coding-plan,MiniMax-M3,binpack,relational_rr,1,tokens30000,32,30000,0,0,0,0,0,0,0,0,0,5,5,0,2,5,3,0,0,0,0,0,0,0,0,19071,True,0.36429999999999996,2572.0,766.0,,,,,
qwen-binpack-relational-b2-tokens30000,alibaba-token-plan-cn,qwen3.7-plus,binpack,relational,2,tokens30000,32,30000,0,0,0,0,0,0,0,0,0,5,5,0,1,7,7,0,0,0,0,0,0,0,0,22381,True,0.2539666666666667,2451.1428571428573,554.5714285714286,,,,,
qwen-binpack-relational_qp_rr-b4-slots8,alibaba-token-plan-cn,qwen3.7-plus,binpack,relational_qp_rr,4,slots8,8,,0,0,0,0,0,0,0,0,0,6,5,0,5,8,8,0,0,1,1,1,0,1,0,27749,True,,2774.125,531.625,1,1,0,0,0
qwen-binpack-niche-b3-slots8,alibaba-token-plan-cn,qwen3.7-plus,binpack,niche,3,slots8,8,,0,0,0,0,0,0,0,0,0,1,0,0,0,8,8,0,0,2,2,2,0,2,0,15993,True,,1321.75,519.625,2,2,0,0,0
minimax-tsp-relational_qp_rr-b2-tokens30000,minimax-cn-coding-plan,MiniMax-M3,tsp,relational_qp_rr,2,tokens30000,32,30000,0,0,0,0,0,0,0,0,0,5,5,0,1,5,5,0,0,1,1,1,0,0,1,21095,True,0.2968333333333333,2699.4,1001.0,0,0,1,0,0
qwen-tsp-relational_qp_rr-b3-tokens30000,alibaba-token-plan-cn,qwen3.7-plus,tsp,relational_qp_rr,3,tokens30000,32,30000,0,0,0,0,0,0,0,0,0,4,4,0,2,6,6,0,0,0,0,0,0,0,0,20504,True,0.31653333333333333,2632.8333333333335,593.3333333333334,,,,,
qwen-tsp-relational-b4-tokens30000,alibaba-token-plan-cn,qwen3.7-plus,tsp,relational,4,tokens30000,32,30000,0,0,0,0,0,0,0,0,0,6,5,0,5,7,7,0,0,0,0,0,0,0,0,21996,True,0.26680000000000004,2329.4285714285716,601.5714285714286,,,,,
qwen-binpack-relational_qp_rr-b3-slots8,alibaba-token-plan-cn,qwen3.7-plus,binpack,relational_qp_rr,3,slots8,8,,0,0,0,0,0,0,0,0,0,6,5,0,5,8,8,0,0,0,0,0,0,0,0,28208,True,,2785.125,550.25,,,,,
minimax-binpack-relational_qp-b1-tokens30000,minimax-cn-coding-plan,MiniMax-M3,binpack,relational_qp,1,tokens30000,32,30000,0,0,0,0,0,0,0,0,0,5,5,0,1,6,6,0,0,0,0,0,0,0,0,21382,True,0.28726666666666667,2522.6666666666665,720.3333333333334,,,,,
minimax-tsp-relational_rr-b3-slots8,minimax-cn-coding-plan,MiniMax-M3,tsp,relational_rr,3,slots8,8,,0,0,0,0,0,0,0,0,0,5,5,0,1,8,8,4,0,1,0,0,0,1,0,26738,True,,2352.875,753.25,,,,,
minimax-tsp-relational_qp-b0-tokens30000,minimax-cn-coding-plan,MiniMax-M3,tsp,relational_qp,0,tokens30000,32,30000,0,0,0,0,0,0,0,0,0,6,5,0,5,6,6,0,0,0,0,0,0,0,0,21729,True,0.27569999999999995,2479.6666666666665,814.0,,,,,
qwen-tsp-relational_qp_rr-b2-tokens30000,alibaba-token-plan-cn,qwen3.7-plus,tsp,relational_qp_rr,2,tokens30000,32,30000,0,0,0,0,0,0,0,0,0,5,5,0,1,7,7,0,0,0,0,0,0,0,0,22202,True,0.25993333333333335,2367.4285714285716,595.2857142857143,,,,,
minimax-binpack-relational-b3-tokens30000,minimax-cn-coding-plan,MiniMax-M3,binpack,relational,3,tokens30000,32,30000,0,0,0,0,0,0,0,0,0,5,5,0,4,5,5,0,0,0,0,0,0,0,0,18840,True,0.372,2705.4,698.4,,,,,
qwen-binpack-relational_qp-b0-slots8,alibaba-token-plan-cn,qwen3.7-plus,binpack,relational_qp,0,slots8,8,,1,1,1,0,0,0,1,1,1,6,5,0,5,8,8,0,0,1,1,1,0,1,0,28434,True,,2794.625,560.875,1,1,0,0,0
minimax-binpack-niche-b3-slots8,minimax-cn-coding-plan,MiniMax-M3,binpack,niche,3,slots8,8,,0,0,0,0,0,0,0,0,0,1,0,0,0,8,7,0,0,2,1,1,0,2,0,27175,True,,1964.75,929.125,1,1,0,0,0
qwen-binpack-relational_qp-b4-tokens30000,alibaba-token-plan-cn,qwen3.7-plus,binpack,relational_qp,4,tokens30000,32,30000,0,0,0,0,0,0,0,0,0,6,5,0,5,6,5,0,0,0,0,0,0,0,0,20269,True,0.3243666666666667,2631.8333333333335,554.3333333333334,,,,,
qwen-binpack-niche-b2-slots8,alibaba-token-plan-cn,qwen3.7-plus,binpack,niche,2,slots8,8,,0,0,0,0,0,0,0,0,0,1,0,0,0,8,8,0,0,1,1,1,0,1,0,16071,True,,1324.625,524.75,0,1,0,0,0
minimax-tsp-relational_rr-b3-tokens30000,minimax-cn-coding-plan,MiniMax-M3,tsp,relational_rr,3,tokens30000,32,30000,0,0,0,0,0,0,0,0,0,4,4,0,2,6,6,1,0,1,0,0,0,1,0,22266,True,0.25780000000000003,2453.1666666666665,899.5,,,,,
qwen-tsp-relational_qp-b0-tokens30000,alibaba-token-plan-cn,qwen3.7-plus,tsp,relational_qp,0,tokens30000,32,30000,0,0,0,0,0,0,0,0,0,6,5,0,3,6,6,1,0,1,1,1,0,0,2,20374,True,0.32086666666666663,2616.3333333333335,578.5,0,0,1,0,1
minimax-binpack-relational_qp_rr-b4-tokens30000,minimax-cn-coding-plan,MiniMax-M3,binpack,relational_qp_rr,4,tokens30000,32,30000,0,0,0,0,0,0,0,0,0,5,5,0,3,6,5,0,0,0,0,0,0,0,0,20459,True,0.3180333333333333,2332.5,717.1666666666666,,,,,
qwen-tsp-relational_qp_rr-b0-tokens30000,alibaba-token-plan-cn,qwen3.7-plus,tsp,relational_qp_rr,0,tokens30000,32,30000,0,0,0,0,0,0,0,0,0,6,5,0,3,6,6,0,0,1,1,1,0,0,1,21951,True,0.2683,2828.3333333333335,602.6666666666666,0,0,1,0,1
qwen-binpack-niche-b1-tokens30000,alibaba-token-plan-cn,qwen3.7-plus,binpack,niche,1,tokens30000,32,30000,3,1,1,0,0,0,3,1,1,2,0,0,0,11,11,0,0,5,5,5,0,5,0,22594,True,0.24686666666666668,1350.2727272727273,525.2727272727273,5,5,0,0,0
minimax-binpack-relational_qp_rr-b2-tokens30000,minimax-cn-coding-plan,MiniMax-M3,binpack,relational_qp_rr,2,tokens30000,32,30000,0,0,0,0,0,0,0,0,0,5,5,0,4,5,3,0,0,0,0,0,0,0,0,18838,True,0.37206666666666666,2673.6,739.0,,,,,
minimax-tsp-relational_rr-b1-tokens30000,minimax-cn-coding-plan,MiniMax-M3,tsp,relational_rr,1,tokens30000,32,30000,0,0,0,0,0,0,0,0,0,4,4,0,0,6,5,0,0,0,0,0,0,0,0,21175,True,0.2941666666666667,2420.6666666666665,770.1666666666666,,,,,
qwen-tsp-relational_qp_rr-b2-slots8,alibaba-token-plan-cn,qwen3.7-plus,tsp,relational_qp_rr,2,slots8,8,,0,0,0,0,0,0,0,0,0,7,5,0,4,8,8,0,0,0,0,0,0,0,0,26582,True,,2513.0,598.125,,,,,
minimax-tsp-relational_qp-b1-tokens30000,minimax-cn-coding-plan,MiniMax-M3,tsp,relational_qp,1,tokens30000,32,30000,1,1,1,0,0,0,1,1,1,3,3,0,0,5,5,1,1,2,1,1,0,1,2,19524,True,0.34919999999999995,2646.2,846.6,0,0,0,0,0
minimax-binpack-relational-b2-tokens30000,minimax-cn-coding-plan,MiniMax-M3,binpack,relational,2,tokens30000,32,30000,0,0,0,0,0,0,0,0,0,5,5,0,2,5,5,0,0,0,0,0,0,0,0,18309,True,0.38970000000000005,2579.6,698.4,,,,,
minimax-binpack-niche-b1-tokens30000,minimax-cn-coding-plan,MiniMax-M3,binpack,niche,1,tokens30000,32,30000,0,0,0,0,0,0,0,0,0,1,0,0,0,8,7,0,0,2,2,2,0,2,0,23832,True,0.2056,1728.25,802.75,2,2,0,0,0
minimax-binpack-relational_rr-b2-tokens30000,minimax-cn-coding-plan,MiniMax-M3,binpack,relational_rr,2,tokens30000,32,30000,0,0,0,0,0,0,0,0,0,6,5,0,2,6,6,0,0,0,0,0,0,0,1,21868,True,0.2710666666666667,2554.8333333333335,728.0,,,,,
minimax-binpack-relational_qp-b4-slots8,minimax-cn-coding-plan,MiniMax-M3,binpack,relational_qp,4,slots8,8,,0,0,0,0,0,0,0,0,0,6,5,0,5,8,8,0,0,1,1,1,0,1,0,30877,True,,2831.75,721.25,1,1,0,0,0
minimax-tsp-relational-b4-tokens30000,minimax-cn-coding-plan,MiniMax-M3,tsp,relational,4,tokens30000,32,30000,0,0,0,0,0,0,0,0,0,5,5,0,4,5,5,0,0,0,0,0,0,0,0,20530,True,0.31566666666666665,2664.4,977.2,,,,,
minimax-binpack-relational_rr-b0-slots8,minimax-cn-coding-plan,MiniMax-M3,binpack,relational_rr,0,slots8,8,,0,0,0,0,0,0,0,0,0,6,5,0,5,8,6,0,0,1,1,1,0,1,0,30701,True,,2714.5,748.0,1,1,0,0,0
minimax-tsp-niche-b0-tokens30000,minimax-cn-coding-plan,MiniMax-M3,tsp,niche,0,tokens30000,32,30000,0,0,0,0,0,0,0,0,0,1,0,0,0,8,8,2,1,4,0,0,0,4,1,22663,True,0.2445666666666667,1703.375,811.0,,,,,
minimax-binpack-relational_qp_rr-b1-slots8,minimax-cn-coding-plan,MiniMax-M3,binpack,relational_qp_rr,1,slots8,8,,0,0,0,0,0,0,0,0,0,7,5,0,4,8,8,0,0,0,0,0,0,0,0,31340,True,,2826.0,716.75,,,,,
minimax-binpack-relational_qp_rr-b1-tokens30000,minimax-cn-coding-plan,MiniMax-M3,binpack,relational_qp_rr,1,tokens30000,32,30000,0,0,0,0,0,0,0,0,0,5,5,0,4,5,5,0,0,0,0,0,0,0,0,18123,True,0.39590000000000003,2525.2,701.0,,,,,
minimax-tsp-relational-b0-tokens30000,minimax-cn-coding-plan,MiniMax-M3,tsp,relational,0,tokens30000,32,30000,0,0,0,0,0,0,0,0,0,6,5,0,3,6,6,0,0,0,0,0,0,0,0,20988,True,0.3004,2319.5,823.1666666666666,,,,,
qwen-binpack-relational_rr-b1-slots8,alibaba-token-plan-cn,qwen3.7-plus,binpack,relational_rr,1,slots8,8,,0,0,0,0,0,0,0,0,0,7,5,0,6,8,6,0,0,0,0,0,0,0,0,27374,False,,2739.375,562.0,,,,,
qwen-binpack-relational_qp_rr-b2-slots8,alibaba-token-plan-cn,qwen3.7-plus,binpack,relational_qp_rr,2,slots8,8,,0,0,0,0,0,0,0,0,0,7,5,0,6,8,6,0,0,0,0,0,0,0,0,28044,True,,2726.5,570.625,,,,,
qwen-tsp-relational_rr-b1-tokens30000,alibaba-token-plan-cn,qwen3.7-plus,tsp,relational_rr,1,tokens30000,32,30000,0,0,0,0,0,0,0,0,0,4,4,0,2,7,7,3,1,3,0,0,0,3,1,22510,True,0.2496666666666667,2378.285714285714,615.5714285714286,,,,,
minimax-binpack-relational_rr-b3-slots8,minimax-cn-coding-plan,MiniMax-M3,binpack,relational_rr,3,slots8,8,,1,1,1,0,0,0,1,1,1,7,5,0,4,8,7,0,0,1,1,1,0,1,0,30632,True,,2735.625,733.125,1,1,0,0,0
qwen-tsp-relational_qp_rr-b4-slots8,alibaba-token-plan-cn,qwen3.7-plus,tsp,relational_qp_rr,4,slots8,8,,0,0,0,0,0,0,0,0,0,5,5,0,2,8,8,1,0,1,0,0,0,1,0,27523,True,,2621.625,611.875,,,,,
qwen-tsp-relational_rr-b4-slots8,alibaba-token-plan-cn,qwen3.7-plus,tsp,relational_rr,4,slots8,8,,1,1,1,0,0,0,1,1,1,7,5,0,6,8,8,0,0,1,1,1,0,0,1,26724,True,,2523.125,609.875,0,0,1,0,1
minimax-tsp-relational-b3-slots8,minimax-cn-coding-plan,MiniMax-M3,tsp,relational,3,slots8,8,,0,0,0,0,0,0,0,0,0,5,5,0,1,8,8,1,0,1,0,0,0,1,0,30314,True,,2528.0,892.875,,,,,
qwen-binpack-relational-b3-slots8,alibaba-token-plan-cn,qwen3.7-plus,binpack,relational,3,slots8,8,,1,1,1,0,0,0,1,1,1,7,5,0,6,8,8,0,0,1,1,1,0,1,0,28042,True,,2766.625,550.5,1,1,0,0,0
minimax-binpack-relational-b4-tokens30000,minimax-cn-coding-plan,MiniMax-M3,binpack,relational,4,tokens30000,32,30000,0,0,0,0,0,0,0,0,0,5,5,0,4,5,4,0,0,0,0,0,0,0,0,18393,True,0.3869,2467.8,750.2,,,,,
qwen-tsp-relational_rr-b2-slots8,alibaba-token-plan-cn,qwen3.7-plus,tsp,relational_rr,2,slots8,8,,0,0,0,0,0,0,0,0,0,7,5,0,4,8,8,0,0,0,0,0,0,0,0,25470,True,,2388.0,589.0,,,,,
minimax-binpack-niche-b4-slots8,minimax-cn-coding-plan,MiniMax-M3,binpack,niche,4,slots8,8,,0,0,0,0,0,0,0,0,0,1,0,0,0,8,8,0,0,1,0,0,0,1,1,24763,True,,1814.5,857.75,,,,,
qwen-tsp-niche-b3-slots8,alibaba-token-plan-cn,qwen3.7-plus,tsp,niche,3,slots8,8,,0,0,0,0,0,0,0,0,0,1,0,0,0,8,8,1,0,5,0,0,0,5,0,19263,True,,1605.375,589.0,,,,,
qwen-tsp-relational_qp_rr-b1-tokens30000,alibaba-token-plan-cn,qwen3.7-plus,tsp,relational_qp_rr,1,tokens30000,32,30000,1,1,1,0,0,0,1,1,1,4,4,0,0,6,6,2,2,2,0,0,0,1,2,21890,True,0.2703333333333333,2827.5,610.5,,,,,
minimax-tsp-niche-b0-slots8,minimax-cn-coding-plan,MiniMax-M3,tsp,niche,0,slots8,8,,0,0,0,0,0,0,0,0,0,1,0,0,0,8,8,1,1,3,2,2,0,1,3,23593,True,,1757.375,827.25,0,1,2,1,1
qwen-tsp-relational-b1-slots8,alibaba-token-plan-cn,qwen3.7-plus,tsp,relational,1,slots8,8,,0,0,0,0,0,0,0,0,0,5,5,0,1,8,8,3,2,3,0,0,0,1,2,29813,True,,2905.5,611.5,,,,,
minimax-tsp-relational_rr-b2-slots8,minimax-cn-coding-plan,MiniMax-M3,tsp,relational_rr,2,slots8,8,,0,0,0,0,0,0,0,0,0,7,5,0,6,8,8,0,0,0,0,0,0,0,0,33244,True,,2801.625,931.125,,,,,
qwen-binpack-niche-b4-slots8,alibaba-token-plan-cn,qwen3.7-plus,binpack,niche,4,slots8,8,,0,0,0,0,0,0,0,0,0,1,0,0,0,8,8,0,0,3,3,3,0,3,0,16028,True,,1321.875,517.75,3,3,0,0,0
minimax-tsp-niche-b3-tokens30000,minimax-cn-coding-plan,MiniMax-M3,tsp,niche,3,tokens30000,32,30000,0,0,0,0,0,0,0,0,0,1,0,0,0,8,7,0,0,1,0,0,0,1,0,21494,True,0.2835333333333333,1585.0,777.375,,,,,
minimax-binpack-relational_qp-b1-slots8,minimax-cn-coding-plan,MiniMax-M3,binpack,relational_qp,1,slots8,8,,0,0,0,0,0,0,0,0,0,7,5,0,4,8,6,0,0,0,0,0,0,0,0,31452,True,,2725.375,762.625,,,,,
minimax-tsp-relational_qp-b4-slots8,minimax-cn-coding-plan,MiniMax-M3,tsp,relational_qp,4,slots8,8,,0,0,0,0,0,0,0,0,0,7,5,0,6,8,7,0,0,0,0,0,0,0,0,29518,True,,2438.0,868.5,,,,,
qwen-binpack-relational_rr-b4-slots8,alibaba-token-plan-cn,qwen3.7-plus,binpack,relational_rr,4,slots8,8,,1,1,1,0,0,0,1,1,1,7,5,0,6,8,8,0,0,1,1,1,0,1,0,27422,True,,2739.125,530.0,1,1,0,0,0
minimax-binpack-relational_qp_rr-b2-slots8,minimax-cn-coding-plan,MiniMax-M3,binpack,relational_qp_rr,2,slots8,8,,0,0,0,0,0,0,0,0,0,6,5,0,4,8,7,0,0,0,0,0,0,0,0,33570,True,,2955.5,752.75,,,,,
qwen-tsp-niche-b2-tokens30000,alibaba-token-plan-cn,qwen3.7-plus,tsp,niche,2,tokens30000,32,30000,0,0,0,0,0,0,0,0,0,2,0,0,0,10,10,0,0,0,0,0,0,0,0,25317,True,0.15610000000000002,1686.5,613.2,,,,,
minimax-binpack-relational_qp-b2-slots8,minimax-cn-coding-plan,MiniMax-M3,binpack,relational_qp,2,slots8,8,,0,0,0,0,0,0,0,0,0,6,5,0,3,8,8,0,0,0,0,0,0,0,0,31708,True,,2787.375,747.125,,,,,
minimax-binpack-relational-b2-slots8,minimax-cn-coding-plan,MiniMax-M3,binpack,relational,2,slots8,8,,0,0,0,0,0,0,0,0,0,7,5,0,6,8,7,0,0,0,0,0,0,0,0,32091,True,,2828.25,784.75,,,,,
qwen-tsp-relational_rr-b3-slots8,alibaba-token-plan-cn,qwen3.7-plus,tsp,relational_rr,3,slots8,8,,0,0,0,0,0,0,0,0,0,5,5,0,3,8,8,1,0,1,0,0,0,1,1,27316,True,,2556.625,628.0,,,,,
minimax-binpack-niche-b2-tokens30000,minimax-cn-coding-plan,MiniMax-M3,binpack,niche,2,tokens30000,32,30000,0,0,0,0,0,0,0,0,0,1,0,0,0,8,8,0,0,2,2,2,0,2,0,21738,True,0.2754,1608.5,751.25,2,2,0,0,0
minimax-tsp-relational_qp_rr-b4-tokens30000,minimax-cn-coding-plan,MiniMax-M3,tsp,relational_qp_rr,4,tokens30000,32,30000,0,0,0,0,0,0,0,0,0,5,5,0,4,5,5,0,0,0,0,0,0,0,0,19960,True,0.33466666666666667,2609.4,960.0,,,,,
minimax-binpack-relational_qp-b4-tokens30000,minimax-cn-coding-plan,MiniMax-M3,binpack,relational_qp,4,tokens30000,32,30000,0,0,0,0,0,0,0,0,0,6,5,0,3,6,5,0,0,0,0,0,0,0,0,22567,True,0.2477666666666667,2373.8333333333335,884.3333333333334,,,,,
qwen-tsp-relational-b3-tokens30000,alibaba-token-plan-cn,qwen3.7-plus,tsp,relational,3,tokens30000,32,30000,0,0,0,0,0,0,0,0,0,4,4,0,0,6,6,0,0,1,1,1,0,0,1,19552,True,0.3482666666666666,2428.0,612.8333333333334,0,0,1,0,0
qwen-binpack-relational_rr-b4-tokens30000,alibaba-token-plan-cn,qwen3.7-plus,binpack,relational_rr,4,tokens30000,32,30000,0,0,0,0,0,0,0,0,0,6,5,0,5,6,6,0,0,0,0,0,0,0,0,19866,True,0.3378,2614.3333333333335,530.3333333333334,,,,,
qwen-binpack-relational-b1-slots8,alibaba-token-plan-cn,qwen3.7-plus,binpack,relational,1,slots8,8,,1,1,1,0,0,0,1,1,1,7,5,0,4,8,6,0,0,1,1,1,0,1,0,27246,True,,2663.75,553.875,1,1,0,0,0
qwen-binpack-relational_qp_rr-b1-slots8,alibaba-token-plan-cn,qwen3.7-plus,binpack,relational_qp_rr,1,slots8,8,,0,0,0,0,0,0,0,0,0,7,5,0,6,8,7,0,0,0,0,0,0,0,0,27496,True,,2732.125,532.25,,,,,
qwen-tsp-niche-b0-tokens30000,alibaba-token-plan-cn,qwen3.7-plus,tsp,niche,0,tokens30000,32,30000,2,0,0,0,0,0,2,0,0,2,0,0,0,10,10,2,1,2,1,1,0,2,1,24478,True,0.1840666666666667,1629.5,597.2,0,0,0,0,0
minimax-binpack-relational_rr-b4-slots8,minimax-cn-coding-plan,MiniMax-M3,binpack,relational_rr,4,slots8,8,,1,1,1,0,0,0,1,1,1,7,5,0,4,8,8,0,0,1,1,1,0,1,0,31207,True,,2798.75,726.125,1,1,0,0,0
qwen-tsp-relational-b1-tokens30000,alibaba-token-plan-cn,qwen3.7-plus,tsp,relational,1,tokens30000,32,30000,1,1,1,0,0,0,1,1,1,5,5,0,2,6,6,1,1,1,0,0,0,1,1,21400,True,0.2866666666666666,2758.0,600.5,,,,,
qwen-tsp-relational_qp-b0-slots8,alibaba-token-plan-cn,qwen3.7-plus,tsp,relational_qp,0,slots8,8,,1,0,0,0,0,0,1,0,0,5,5,0,2,8,8,1,0,2,1,1,0,1,2,29033,True,,2810.875,608.375,0,0,1,0,1
qwen-tsp-relational_qp-b3-tokens30000,alibaba-token-plan-cn,qwen3.7-plus,tsp,relational_qp,3,tokens30000,32,30000,0,0,0,0,0,0,0,0,0,4,4,0,2,6,6,1,0,1,0,0,0,1,0,20396,True,0.3201333333333334,2602.5,597.6666666666666,,,,,
minimax-binpack-niche-b0-slots8,minimax-cn-coding-plan,MiniMax-M3,binpack,niche,0,slots8,8,,0,0,0,0,0,0,0,0,0,1,0,0,0,8,8,0,0,2,1,1,0,2,0,23776,True,,1778.375,838.375,0,1,0,0,0
qwen-tsp-relational-b2-slots8,alibaba-token-plan-cn,qwen3.7-plus,tsp,relational,2,slots8,8,,0,0,0,0,0,0,0,0,0,5,5,0,3,8,8,1,0,1,0,0,0,1,0,27093,True,,2484.75,643.125,,,,,
minimax-binpack-relational_qp-b0-tokens30000,minimax-cn-coding-plan,MiniMax-M3,binpack,relational_qp,0,tokens30000,32,30000,0,0,0,0,0,0,0,0,0,5,5,0,2,5,5,0,0,0,0,0,0,0,0,18743,True,0.3752333333333333,2565.4,753.8,,,,,
qwen-binpack-relational_qp_rr-b3-tokens30000,alibaba-token-plan-cn,qwen3.7-plus,binpack,relational_qp_rr,3,tokens30000,32,30000,0,0,0,0,0,0,0,0,0,6,5,0,5,6,6,0,0,0,0,0,0,0,0,20138,True,0.3287333333333333,2623.8333333333335,550.3333333333334,,,,,
minimax-binpack-relational_qp-b2-tokens30000,minimax-cn-coding-plan,MiniMax-M3,binpack,relational_qp,2,tokens30000,32,30000,0,0,0,0,0,0,0,0,0,5,5,0,4,5,5,0,0,0,0,0,0,0,0,19816,True,0.3394666666666667,2733.2,760.6,,,,,
minimax-binpack-relational-b1-tokens30000,minimax-cn-coding-plan,MiniMax-M3,binpack,relational,1,tokens30000,32,30000,0,0,0,0,0,0,0,0,0,5,5,0,1,6,6,0,0,2,2,2,0,0,2,21438,True,0.2854,2543.0,718.5,0,2,2,0,0
minimax-tsp-relational-b2-tokens30000,minimax-cn-coding-plan,MiniMax-M3,tsp,relational,2,tokens30000,32,30000,0,0,0,0,0,0,0,0,0,6,5,0,3,6,6,0,0,0,0,0,0,0,0,22851,True,0.23829999999999996,2484.1666666666665,883.5,,,,,
minimax-tsp-relational-b0-slots8,minimax-cn-coding-plan,MiniMax-M3,tsp,relational,0,slots8,8,,0,0,0,0,0,0,0,0,0,7,5,0,6,8,8,0,0,0,0,0,0,0,1,32930,True,,2701.625,973.375,,,,,
qwen-binpack-relational_rr-b3-slots8,alibaba-token-plan-cn,qwen3.7-plus,binpack,relational_rr,3,slots8,8,,0,0,0,0,0,0,0,0,0,6,5,0,5,8,6,0,0,0,0,0,0,0,0,27913,True,,2736.375,553.125,,,,,
qwen-tsp-niche-b0-slots8,alibaba-token-plan-cn,qwen3.7-plus,tsp,niche,0,slots8,8,,0,0,0,0,0,0,0,0,0,1,0,0,0,8,8,1,1,2,1,1,0,1,2,19316,True,,1610.75,591.5,0,0,1,0,1
minimax-binpack-relational_qp_rr-b3-tokens30000,minimax-cn-coding-plan,MiniMax-M3,binpack,relational_qp_rr,3,tokens30000,32,30000,0,0,0,0,0,0,0,0,0,5,5,0,1,6,5,1,0,0,0,0,0,0,0,22017,True,0.2661,2492.1666666666665,719.8333333333334,,,,,
minimax-tsp-relational_qp_rr-b3-tokens30000,minimax-cn-coding-plan,MiniMax-M3,tsp,relational_qp_rr,3,tokens30000,32,30000,0,0,0,0,0,0,0,0,0,4,4,0,0,6,6,1,0,1,0,0,0,1,0,20917,True,0.30276666666666663,2313.0,808.3333333333334,,,,,
qwen-tsp-niche-b1-slots8,alibaba-token-plan-cn,qwen3.7-plus,tsp,niche,1,slots8,8,,0,0,0,0,0,0,0,0,0,1,0,0,0,8,8,3,1,4,1,1,0,4,2,19725,True,,1608.125,616.0,0,0,0,0,0
qwen-tsp-niche-b4-tokens30000,alibaba-token-plan-cn,qwen3.7-plus,tsp,niche,4,tokens30000,32,30000,0,0,0,0,0,0,0,0,0,2,0,0,0,10,10,3,0,3,0,0,0,3,0,25118,True,0.16273333333333329,1675.6,601.9,,,,,
qwen-binpack-relational_qp-b3-tokens30000,alibaba-token-plan-cn,qwen3.7-plus,binpack,relational_qp,3,tokens30000,32,30000,0,0,0,0,0,0,0,0,0,6,5,0,5,6,6,0,0,0,0,0,0,0,0,20131,True,0.32896666666666663,2654.0,530.5,,,,,
qwen-binpack-relational_rr-b1-tokens30000,alibaba-token-plan-cn,qwen3.7-plus,binpack,relational_rr,1,tokens30000,32,30000,0,0,0,0,0,0,0,0,0,6,5,0,3,6,6,0,0,0,0,0,0,0,0,19343,True,0.3552333333333333,2517.5,536.6666666666666,,,,,
qwen-tsp-relational_rr-b0-tokens30000,alibaba-token-plan-cn,qwen3.7-plus,tsp,relational_rr,0,tokens30000,32,30000,0,0,0,0,0,0,0,0,0,5,5,0,2,5,5,0,0,2,2,2,0,0,2,17815,True,0.4061666666666667,2730.6,611.6,0,0,2,0,1
