job_id,provider,model,task,method,block,regime,steps,token_budget,status,result_present,source_fingerprint,benchmark_version,request_errors,usage_complete,reservation_violations,budget_stop_stage,selector_status,validation_selected_test_loss,validation_selected_test_valid,common_gate_test_behavior_modes,common_gate_test_eligible_size,valid_fraction,tokens_used,token_budget_valid,learned_selector_test_loss,selector_gain_vs_single,selector_seconds_per_instance,oracle_gain_upper_bound,parent_improvements,neighborhood_improvements,productive_collisions,unproductive_collisions,restarts,generated,valid_generated,input_tokens,output_tokens,model_calls,partial_attempts,elapsed_seconds
minimax-binpack-relational_rr-b1-slots8,minimax-cn-coding-plan,MiniMax-M3,binpack,relational_rr,1,slots8,8,,completed,True,3ff293fa5fe8eac7a2982fe029090ebdf211e6565eabd2159bdb02ac25741bc3,heuristic-benchmark-2-frozen-pilot|chapter6-v11-independent-v1,0,True,0,,not_applicable_online_task,0.11352826487106794,True,2,3,0.75,34654,,,,,,0,0,0,4,7,8,6,31152,3502,16,0,42.31980029994156
minimax-binpack-niche-b3-tokens30000,minimax-cn-coding-plan,MiniMax-M3,binpack,niche,3,tokens30000,32,30000,completed,True,3ff293fa5fe8eac7a2982fe029090ebdf211e6565eabd2159bdb02ac25741bc3,heuristic-benchmark-2-frozen-pilot|chapter6-v11-independent-v1,0,True,0,planner_admission,not_applicable_online_task,0.11780149380826194,True,3,4,1.0,23113,True,,,,,2,0,2,4,1,8,8,19829,3284,16,0,41.68840890005231
qwen-binpack-relational-b4-tokens30000,alibaba-token-plan-cn,qwen3.7-plus,binpack,relational,4,tokens30000,32,30000,completed,True,3ff293fa5fe8eac7a2982fe029090ebdf211e6565eabd2159bdb02ac25741bc3,heuristic-benchmark-2-frozen-pilot|chapter6-v11-independent-v1,0,True,0,planner_admission,not_applicable_online_task,0.10828340769890829,True,2,2,0.8333333333333334,20689,True,,,,,0,1,0,5,6,6,5,19405,1284,12,0,31.767243599984795
minimax-binpack-relational_qp-b3-slots8,minimax-cn-coding-plan,MiniMax-M3,binpack,relational_qp,3,slots8,8,,completed,True,3ff293fa5fe8eac7a2982fe029090ebdf211e6565eabd2159bdb02ac25741bc3,heuristic-benchmark-2-frozen-pilot|chapter6-v11-independent-v1,0,True,0,,not_applicable_online_task,0.11900922327686098,True,4,4,0.875,31368,,,,,,0,0,0,4,6,8,7,28198,3170,16,0,43.66474580008071
minimax-binpack-relational_qp_rr-b0-tokens30000,minimax-cn-coding-plan,MiniMax-M3,binpack,relational_qp_rr,0,tokens30000,32,30000,completed,True,3ff293fa5fe8eac7a2982fe029090ebdf211e6565eabd2159bdb02ac25741bc3,heuristic-benchmark-2-frozen-pilot|chapter6-v11-independent-v1,0,True,0,planner_admission,not_applicable_online_task,0.10892689570996252,True,6,6,1.0,20396,True,,,,,0,0,0,2,5,6,6,18040,2356,12,0,38.14176599995699
minimax-binpack-niche-b0-tokens30000,minimax-cn-coding-plan,MiniMax-M3,binpack,niche,0,tokens30000,32,30000,completed,True,3ff293fa5fe8eac7a2982fe029090ebdf211e6565eabd2159bdb02ac25741bc3,heuristic-benchmark-2-frozen-pilot|chapter6-v11-independent-v1,0,True,0,planner_admission,not_applicable_online_task,0.10892689570996252,True,3,4,0.875,22343,True,,,,,1,0,0,5,1,8,7,19768,2575,16,0,33.777291699894704
qwen-tsp-niche-b3-tokens30000,alibaba-token-plan-cn,qwen3.7-plus,tsp,niche,3,tokens30000,32,30000,completed,True,3ff293fa5fe8eac7a2982fe029090ebdf211e6565eabd2159bdb02ac25741bc3,heuristic-benchmark-2-frozen-pilot|chapter6-v11-independent-v1,0,True,0,planner_admission,ok,0.05980205600757577,True,4,4,1.0,25005,True,0.0648758930389037,-0.005073837031327931,0.0017970944431403445,0.025365137300243562,3,0,1,3,2,10,10,22684,2321,20,0,62.573675099993125
minimax-tsp-niche-b2-slots8,minimax-cn-coding-plan,MiniMax-M3,tsp,niche,2,slots8,8,,completed,True,3ff293fa5fe8eac7a2982fe029090ebdf211e6565eabd2159bdb02ac25741bc3,heuristic-benchmark-2-frozen-pilot|chapter6-v11-independent-v1,0,True,0,,ok,0.05206376641266345,True,5,5,1.0,22100,,0.05102935154440657,0.0010344148682568804,0.0020001333323307335,0.018773260897165245,1,1,0,1,1,8,8,19397,2703,16,0,41.10651310009416
qwen-tsp-niche-b1-tokens30000,alibaba-token-plan-cn,qwen3.7-plus,tsp,niche,1,tokens30000,32,30000,completed,True,3ff293fa5fe8eac7a2982fe029090ebdf211e6565eabd2159bdb02ac25741bc3,heuristic-benchmark-2-frozen-pilot|chapter6-v11-independent-v1,0,True,0,planner_admission,ok,0.06342870067576761,True,5,5,1.0,24851,True,0.060931303732214635,0.0024973969435529778,0.0017766749984326048,0.03368617128873458,4,6,5,2,2,10,10,22510,2341,20,0,61.474003099952824
minimax-binpack-relational-b3-slots8,minimax-cn-coding-plan,MiniMax-M3,binpack,relational,3,slots8,8,,completed,True,3ff293fa5fe8eac7a2982fe029090ebdf211e6565eabd2159bdb02ac25741bc3,heuristic-benchmark-2-frozen-pilot|chapter6-v11-independent-v1,0,True,0,,not_applicable_online_task,0.11780149380826194,True,6,6,1.0,32000,,,,,,1,0,0,4,5,8,8,29125,2875,16,0,37.776643700082786
minimax-tsp-relational_rr-b2-tokens30000,minimax-cn-coding-plan,MiniMax-M3,tsp,relational_rr,2,tokens30000,32,30000,completed,True,3ff293fa5fe8eac7a2982fe029090ebdf211e6565eabd2159bdb02ac25741bc3,heuristic-benchmark-2-frozen-pilot|chapter6-v11-independent-v1,0,True,0,planner_admission,ok,0.05206376641266345,True,1,1,1.0,18407,True,0.05206376641266345,0.0,0.001769483331978942,0.0,0,0,0,1,5,5,5,16276,2131,10,0,35.62363530008588
minimax-tsp-relational_qp-b2-tokens30000,minimax-cn-coding-plan,MiniMax-M3,tsp,relational_qp,2,tokens30000,32,30000,completed,True,3ff293fa5fe8eac7a2982fe029090ebdf211e6565eabd2159bdb02ac25741bc3,heuristic-benchmark-2-frozen-pilot|chapter6-v11-independent-v1,0,True,0,planner_admission,ok,0.05206376641266345,True,1,1,1.0,21333,True,0.05206376641266345,0.0,0.0018658333348058579,0.0,0,0,0,0,6,6,6,18988,2345,12,0,46.39718660002109
minimax-tsp-relational_qp-b4-tokens30000,minimax-cn-coding-plan,MiniMax-M3,tsp,relational_qp,4,tokens30000,32,30000,completed,True,3ff293fa5fe8eac7a2982fe029090ebdf211e6565eabd2159bdb02ac25741bc3,heuristic-benchmark-2-frozen-pilot|chapter6-v11-independent-v1,0,True,0,planner_admission,ok,0.05186854709736476,True,1,1,1.0,19424,True,0.05186854709736476,0.0,0.0019147083318481843,0.0,0,1,0,1,5,5,5,17272,2152,10,0,26.77472069999203
minimax-binpack-relational-b1-slots8,minimax-cn-coding-plan,MiniMax-M3,binpack,relational,1,slots8,8,,completed,True,3ff293fa5fe8eac7a2982fe029090ebdf211e6565eabd2159bdb02ac25741bc3,heuristic-benchmark-2-frozen-pilot|chapter6-v11-independent-v1,0,True,0,,not_applicable_online_task,0.11352826487106794,True,6,6,0.875,29035,,,,,,0,0,0,3,6,8,7,25778,3257,16,0,45.84568729996681
qwen-binpack-relational_qp_rr-b4-tokens30000,alibaba-token-plan-cn,qwen3.7-plus,binpack,relational_qp_rr,4,tokens30000,32,30000,completed,True,3ff293fa5fe8eac7a2982fe029090ebdf211e6565eabd2159bdb02ac25741bc3,heuristic-benchmark-2-frozen-pilot|chapter6-v11-independent-v1,0,True,0,planner_admission,not_applicable_online_task,0.10828340769890829,True,2,2,1.0,19856,True,,,,,0,0,0,6,6,6,6,18873,983,12,0,31.938319000066258
minimax-tsp-relational-b2-slots8,minimax-cn-coding-plan,MiniMax-M3,tsp,relational,2,slots8,8,,completed,True,3ff293fa5fe8eac7a2982fe029090ebdf211e6565eabd2159bdb02ac25741bc3,heuristic-benchmark-2-frozen-pilot|chapter6-v11-independent-v1,0,True,0,,ok,0.05206376641266345,True,4,4,1.0,29094,,0.041599121208279174,0.010464645204384275,0.001930197222261793,0.037334528000959225,0,0,0,1,6,8,8,26396,2698,16,0,42.52999120007735
minimax-tsp-niche-b1-slots8,minimax-cn-coding-plan,MiniMax-M3,tsp,niche,1,slots8,8,,completed,True,3ff293fa5fe8eac7a2982fe029090ebdf211e6565eabd2159bdb02ac25741bc3,heuristic-benchmark-2-frozen-pilot|chapter6-v11-independent-v1,0,True,0,,ok,0.05868623046156355,True,5,5,0.875,20317,,0.07033494901979585,-0.011648718558232303,0.001779836110977663,0.031235029385124367,4,2,2,1,1,8,7,18020,2297,16,0,39.447132900008
qwen-tsp-relational-b4-slots8,alibaba-token-plan-cn,qwen3.7-plus,tsp,relational,4,slots8,8,,completed,True,3ff293fa5fe8eac7a2982fe029090ebdf211e6565eabd2159bdb02ac25741bc3,heuristic-benchmark-2-frozen-pilot|chapter6-v11-independent-v1,0,True,0,,ok,0.037958237968322796,True,3,4,1.0,27969,,0.03848757926722852,-0.0005293412989057222,0.0018302194431372401,0.019287825881308604,0,0,0,0,6,8,8,26120,1849,16,0,50.66589699999895
qwen-tsp-niche-b2-slots8,alibaba-token-plan-cn,qwen3.7-plus,tsp,niche,2,slots8,8,,completed,True,3ff293fa5fe8eac7a2982fe029090ebdf211e6565eabd2159bdb02ac25741bc3,heuristic-benchmark-2-frozen-pilot|chapter6-v11-independent-v1,0,True,0,,ok,0.05206376641266345,True,4,5,1.0,20261,,0.04306761364959994,0.008996152763063509,0.001826727778987131,0.026406562367897454,0,1,1,0,1,8,8,18387,1874,16,0,50.75938129995484
qwen-tsp-relational_rr-b3-tokens30000,alibaba-token-plan-cn,qwen3.7-plus,tsp,relational_rr,3,tokens30000,32,30000,completed,True,3ff293fa5fe8eac7a2982fe029090ebdf211e6565eabd2159bdb02ac25741bc3,heuristic-benchmark-2-frozen-pilot|chapter6-v11-independent-v1,0,True,0,planner_admission,ok,0.06033368646755304,True,3,3,1.0,18885,True,0.058201277460085105,0.0021324090074679378,0.0017925138882775274,0.02266453237417796,1,1,1,1,4,6,6,17675,1210,12,0,42.406881999922916
qwen-binpack-niche-b0-tokens30000,alibaba-token-plan-cn,qwen3.7-plus,binpack,niche,0,tokens30000,32,30000,completed,True,3ff293fa5fe8eac7a2982fe029090ebdf211e6565eabd2159bdb02ac25741bc3,heuristic-benchmark-2-frozen-pilot|chapter6-v11-independent-v1,1,False,0,stop_after_unknown_usage,not_applicable_online_task,0.10892689570996252,True,2,2,0.8333333333333334,,False,,,,,3,0,3,2,1,6,5,9104,838,10,0,146.0233137999894
minimax-tsp-relational_rr-b4-slots8,minimax-cn-coding-plan,MiniMax-M3,tsp,relational_rr,4,slots8,8,,completed,True,3ff293fa5fe8eac7a2982fe029090ebdf211e6565eabd2159bdb02ac25741bc3,heuristic-benchmark-2-frozen-pilot|chapter6-v11-independent-v1,0,True,0,,ok,0.05186854709736476,True,4,4,1.0,29930,,0.04779055754814501,0.00407798954921975,0.0017456805572793302,0.013756268016348633,0,1,0,1,6,8,8,26996,2934,16,0,48.109566000057384
minimax-binpack-niche-b4-tokens30000,minimax-cn-coding-plan,MiniMax-M3,binpack,niche,4,tokens30000,32,30000,completed,True,3ff293fa5fe8eac7a2982fe029090ebdf211e6565eabd2159bdb02ac25741bc3,heuristic-benchmark-2-frozen-pilot|chapter6-v11-independent-v1,0,True,0,planner_admission,not_applicable_online_task,0.10828340769890829,True,2,2,1.0,22680,True,,,,,2,0,2,6,1,8,8,19271,3409,16,0,58.273056800011545
minimax-tsp-niche-b1-tokens30000,minimax-cn-coding-plan,MiniMax-M3,tsp,niche,1,tokens30000,32,30000,completed,True,3ff293fa5fe8eac7a2982fe029090ebdf211e6565eabd2159bdb02ac25741bc3,heuristic-benchmark-2-frozen-pilot|chapter6-v11-independent-v1,0,True,0,planner_admission,ok,0.030621346810096355,True,5,6,1.0,23745,True,0.05888051139194306,-0.028259164581846703,0.0018126638864891396,0.010363434411881641,4,2,3,0,1,8,8,20918,2827,16,0,36.687322399928235
qwen-binpack-relational-b3-tokens30000,alibaba-token-plan-cn,qwen3.7-plus,binpack,relational,3,tokens30000,32,30000,completed,True,3ff293fa5fe8eac7a2982fe029090ebdf211e6565eabd2159bdb02ac25741bc3,heuristic-benchmark-2-frozen-pilot|chapter6-v11-independent-v1,0,True,0,planner_admission,not_applicable_online_task,0.11780149380826194,True,3,3,1.0,20388,True,,,,,0,0,0,5,6,6,6,18954,1434,12,0,50.79484579991549
qwen-tsp-relational_qp_rr-b4-tokens30000,alibaba-token-plan-cn,qwen3.7-plus,tsp,relational_qp_rr,4,tokens30000,32,30000,completed,True,3ff293fa5fe8eac7a2982fe029090ebdf211e6565eabd2159bdb02ac25741bc3,heuristic-benchmark-2-frozen-pilot|chapter6-v11-independent-v1,0,True,0,planner_admission,ok,0.05186854709736476,True,1,1,1.0,20143,True,0.05186854709736476,0.0,0.0016912000008030897,0.0,0,0,0,0,6,6,6,18342,1801,12,0,48.05010170000605
qwen-tsp-relational_qp-b2-slots8,alibaba-token-plan-cn,qwen3.7-plus,tsp,relational_qp,2,slots8,8,,completed,True,3ff293fa5fe8eac7a2982fe029090ebdf211e6565eabd2159bdb02ac25741bc3,heuristic-benchmark-2-frozen-pilot|chapter6-v11-independent-v1,0,True,0,,ok,0.05206376641266345,True,1,1,1.0,25441,,0.05206376641266345,0.0,0.001812186111540844,0.0,0,0,0,0,7,8,8,23808,1633,16,0,53.04947500000708
qwen-binpack-relational_rr-b0-slots8,alibaba-token-plan-cn,qwen3.7-plus,binpack,relational_rr,0,slots8,8,,completed,True,3ff293fa5fe8eac7a2982fe029090ebdf211e6565eabd2159bdb02ac25741bc3,heuristic-benchmark-2-frozen-pilot|chapter6-v11-independent-v1,0,True,0,,not_applicable_online_task,0.10892689570996252,True,3,3,1.0,27777,,,,,,1,0,1,6,7,8,8,26444,1333,16,0,53.223634199937806
minimax-tsp-relational_qp_rr-b2-slots8,minimax-cn-coding-plan,MiniMax-M3,tsp,relational_qp_rr,2,slots8,8,,completed,True,3ff293fa5fe8eac7a2982fe029090ebdf211e6565eabd2159bdb02ac25741bc3,heuristic-benchmark-2-frozen-pilot|chapter6-v11-independent-v1,0,True,0,,ok,0.05206376641266345,True,1,1,1.0,34675,,0.05206376641266345,0.0,0.0019318333361297846,0.0,0,0,0,3,7,8,8,31538,3137,16,0,45.79924079996999
minimax-tsp-niche-b3-slots8,minimax-cn-coding-plan,MiniMax-M3,tsp,niche,3,slots8,8,,completed,True,3ff293fa5fe8eac7a2982fe029090ebdf211e6565eabd2159bdb02ac25741bc3,heuristic-benchmark-2-frozen-pilot|chapter6-v11-independent-v1,0,True,0,,ok,0.05899181756092463,True,2,3,1.0,23616,,0.06240676040564471,-0.0034149428447200827,0.001848533335659239,0.027931862585454263,2,0,0,0,1,8,8,20767,2849,16,0,43.83461919997353
minimax-tsp-relational_qp_rr-b4-slots8,minimax-cn-coding-plan,MiniMax-M3,tsp,relational_qp_rr,4,slots8,8,,completed,True,3ff293fa5fe8eac7a2982fe029090ebdf211e6565eabd2159bdb02ac25741bc3,heuristic-benchmark-2-frozen-pilot|chapter6-v11-independent-v1,0,True,0,,ok,0.05186854709736476,True,2,3,1.0,30381,,0.050234145231085686,0.0016344018662790769,0.0018078916667339702,0.014356841868391992,0,2,2,1,6,8,8,27896,2485,16,0,43.02402159990743
qwen-binpack-niche-b3-tokens30000,alibaba-token-plan-cn,qwen3.7-plus,binpack,niche,3,tokens30000,32,30000,completed,True,3ff293fa5fe8eac7a2982fe029090ebdf211e6565eabd2159bdb02ac25741bc3,heuristic-benchmark-2-frozen-pilot|chapter6-v11-independent-v1,0,True,0,planner_admission,not_applicable_online_task,0.11780149380826194,True,6,6,1.0,23728,True,,,,,3,0,1,4,2,10,10,21227,2501,20,0,77.82054670003708
qwen-tsp-relational_qp_rr-b1-slots8,alibaba-token-plan-cn,qwen3.7-plus,tsp,relational_qp_rr,1,slots8,8,,completed,True,3ff293fa5fe8eac7a2982fe029090ebdf211e6565eabd2159bdb02ac25741bc3,heuristic-benchmark-2-frozen-pilot|chapter6-v11-independent-v1,0,True,0,,ok,0.06126060245883437,True,5,5,0.875,28872,,0.06820399278012451,-0.006943390321290141,0.0017505111108120116,0.024893472456850627,1,1,1,0,5,8,7,26925,1947,16,0,51.73529320000671
qwen-binpack-relational_qp-b2-slots8,alibaba-token-plan-cn,qwen3.7-plus,binpack,relational_qp,2,slots8,8,,completed,True,3ff293fa5fe8eac7a2982fe029090ebdf211e6565eabd2159bdb02ac25741bc3,heuristic-benchmark-2-frozen-pilot|chapter6-v11-independent-v1,0,True,0,,not_applicable_online_task,0.10182804463758785,True,2,2,1.0,27902,,,,,,1,0,1,6,6,8,8,26519,1383,16,0,54.6731072999537
minimax-tsp-relational-b1-tokens30000,minimax-cn-coding-plan,MiniMax-M3,tsp,relational,1,tokens30000,32,30000,completed,True,3ff293fa5fe8eac7a2982fe029090ebdf211e6565eabd2159bdb02ac25741bc3,heuristic-benchmark-2-frozen-pilot|chapter6-v11-independent-v1,0,True,0,planner_admission,ok,0.06126060245883437,True,4,4,1.0,23076,True,0.06713468876822087,-0.005874086309386503,0.0018385749976409392,0.02425692158439087,1,1,1,0,5,6,6,21113,1963,12,0,24.511860699974932
qwen-tsp-relational-b2-tokens30000,alibaba-token-plan-cn,qwen3.7-plus,tsp,relational,2,tokens30000,32,30000,completed,True,3ff293fa5fe8eac7a2982fe029090ebdf211e6565eabd2159bdb02ac25741bc3,heuristic-benchmark-2-frozen-pilot|chapter6-v11-independent-v1,0,True,0,planner_admission,ok,0.05206376641266345,True,2,2,1.0,22432,True,0.0565781759785986,-0.00451440956593515,0.0018151361113672869,0.011401953540047083,0,0,0,0,6,7,7,20740,1692,14,0,44.95956260000821
minimax-binpack-relational_qp-b3-tokens30000,minimax-cn-coding-plan,MiniMax-M3,binpack,relational_qp,3,tokens30000,32,30000,completed,True,3ff293fa5fe8eac7a2982fe029090ebdf211e6565eabd2159bdb02ac25741bc3,heuristic-benchmark-2-frozen-pilot|chapter6-v11-independent-v1,0,True,0,planner_admission,not_applicable_online_task,0.11780149380826194,True,2,2,1.0,18486,True,,,,,0,0,0,5,5,5,5,16712,1774,10,0,23.899027800071053
minimax-tsp-relational_qp_rr-b3-slots8,minimax-cn-coding-plan,MiniMax-M3,tsp,relational_qp_rr,3,slots8,8,,completed,True,3ff293fa5fe8eac7a2982fe029090ebdf211e6565eabd2159bdb02ac25741bc3,heuristic-benchmark-2-frozen-pilot|chapter6-v11-independent-v1,0,True,0,,ok,0.052108111771053,True,3,3,1.0,29554,,0.05475533085601489,-0.002647219084961891,0.0017547222248847699,0.021802402533598983,1,0,0,0,5,8,8,26780,2774,16,0,35.32093249994796
qwen-tsp-relational_qp_rr-b0-slots8,alibaba-token-plan-cn,qwen3.7-plus,tsp,relational_qp_rr,0,slots8,8,,completed,True,3ff293fa5fe8eac7a2982fe029090ebdf211e6565eabd2159bdb02ac25741bc3,heuristic-benchmark-2-frozen-pilot|chapter6-v11-independent-v1,0,True,0,,ok,0.05434974124647226,True,3,3,1.0,29704,,0.05204609596075099,0.002303645285721266,0.001767166663840827,0.008967758441199652,0,2,2,3,6,8,8,27847,1857,16,0,47.44836500007659
qwen-tsp-relational_qp-b3-slots8,alibaba-token-plan-cn,qwen3.7-plus,tsp,relational_qp,3,slots8,8,,completed,True,3ff293fa5fe8eac7a2982fe029090ebdf211e6565eabd2159bdb02ac25741bc3,heuristic-benchmark-2-frozen-pilot|chapter6-v11-independent-v1,0,True,0,,ok,0.05844285706175843,True,3,3,1.0,26321,,0.0594425477910855,-0.0009996907293270685,0.0018270916674130906,0.022207117666347004,1,0,0,1,5,8,8,24572,1749,16,0,52.78270910005085
qwen-binpack-relational_qp-b1-slots8,alibaba-token-plan-cn,qwen3.7-plus,binpack,relational_qp,1,slots8,8,,completed,True,3ff293fa5fe8eac7a2982fe029090ebdf211e6565eabd2159bdb02ac25741bc3,heuristic-benchmark-2-frozen-pilot|chapter6-v11-independent-v1,0,True,0,,not_applicable_online_task,0.11352826487106794,True,2,2,1.0,28125,,,,,,2,0,2,6,6,8,8,26687,1438,16,0,45.05075669998769
qwen-binpack-relational_qp-b1-tokens30000,alibaba-token-plan-cn,qwen3.7-plus,binpack,relational_qp,1,tokens30000,32,30000,completed,True,3ff293fa5fe8eac7a2982fe029090ebdf211e6565eabd2159bdb02ac25741bc3,heuristic-benchmark-2-frozen-pilot|chapter6-v11-independent-v1,0,True,0,planner_admission,not_applicable_online_task,0.11352826487106794,True,2,2,1.0,19996,True,,,,,0,0,0,6,6,6,6,18955,1041,12,0,31.632811499992386
qwen-binpack-relational_qp_rr-b1-tokens30000,alibaba-token-plan-cn,qwen3.7-plus,binpack,relational_qp_rr,1,tokens30000,32,30000,completed,True,3ff293fa5fe8eac7a2982fe029090ebdf211e6565eabd2159bdb02ac25741bc3,heuristic-benchmark-2-frozen-pilot|chapter6-v11-independent-v1,0,True,0,planner_admission,not_applicable_online_task,0.11352826487106794,True,2,2,1.0,19951,True,,,,,0,0,0,6,6,6,6,19019,932,12,0,26.592663600109518
qwen-tsp-relational_rr-b0-slots8,alibaba-token-plan-cn,qwen3.7-plus,tsp,relational_rr,0,slots8,8,,completed,True,3ff293fa5fe8eac7a2982fe029090ebdf211e6565eabd2159bdb02ac25741bc3,heuristic-benchmark-2-frozen-pilot|chapter6-v11-independent-v1,0,True,0,,ok,0.04347354180268412,True,4,4,1.0,29184,,0.059219215872887476,-0.015745674070203358,0.0017949527795685248,0.017620594532652346,1,2,2,1,5,8,8,27504,1680,16,0,42.2187094000401
minimax-binpack-relational_qp_rr-b4-slots8,minimax-cn-coding-plan,MiniMax-M3,binpack,relational_qp_rr,4,slots8,8,,completed,True,3ff293fa5fe8eac7a2982fe029090ebdf211e6565eabd2159bdb02ac25741bc3,heuristic-benchmark-2-frozen-pilot|chapter6-v11-independent-v1,0,True,0,,not_applicable_online_task,0.10828340769890829,True,4,4,0.75,32414,,,,,,2,0,1,3,5,8,6,29152,3262,16,0,34.540643099928275
qwen-tsp-relational_rr-b1-slots8,alibaba-token-plan-cn,qwen3.7-plus,tsp,relational_rr,1,slots8,8,,completed,True,3ff293fa5fe8eac7a2982fe029090ebdf211e6565eabd2159bdb02ac25741bc3,heuristic-benchmark-2-frozen-pilot|chapter6-v11-independent-v1,0,True,0,,ok,0.06260632551445816,True,6,7,1.0,28817,,0.059000300882123255,0.003606024632334906,0.0019143027764382875,0.035254623742451446,2,1,1,2,5,8,8,27121,1696,16,0,43.66904559999239
qwen-binpack-niche-b1-slots8,alibaba-token-plan-cn,qwen3.7-plus,binpack,niche,1,slots8,8,,completed,True,3ff293fa5fe8eac7a2982fe029090ebdf211e6565eabd2159bdb02ac25741bc3,heuristic-benchmark-2-frozen-pilot|chapter6-v11-independent-v1,0,True,0,,not_applicable_online_task,0.11352826487106794,True,2,2,1.0,16225,,,,,,3,0,3,5,1,8,8,14907,1318,16,0,34.291816799901426
qwen-binpack-niche-b4-tokens30000,alibaba-token-plan-cn,qwen3.7-plus,binpack,niche,4,tokens30000,32,30000,completed,True,3ff293fa5fe8eac7a2982fe029090ebdf211e6565eabd2159bdb02ac25741bc3,heuristic-benchmark-2-frozen-pilot|chapter6-v11-independent-v1,0,True,0,planner_admission,not_applicable_online_task,0.10828340769890829,True,3,4,0.9090909090909091,24246,True,,,,,1,0,0,8,2,11,10,21829,2417,22,0,55.250119899981655
minimax-binpack-relational_qp-b0-slots8,minimax-cn-coding-plan,MiniMax-M3,binpack,relational_qp,0,slots8,8,,completed,True,3ff293fa5fe8eac7a2982fe029090ebdf211e6565eabd2159bdb02ac25741bc3,heuristic-benchmark-2-frozen-pilot|chapter6-v11-independent-v1,0,True,0,,not_applicable_online_task,0.10892689570996252,True,4,5,1.0,33442,,,,,,0,0,0,5,5,8,8,30123,3319,16,0,45.550587699981406
minimax-binpack-relational-b0-slots8,minimax-cn-coding-plan,MiniMax-M3,binpack,relational,0,slots8,8,,completed,True,3ff293fa5fe8eac7a2982fe029090ebdf211e6565eabd2159bdb02ac25741bc3,heuristic-benchmark-2-frozen-pilot|chapter6-v11-independent-v1,0,True,0,,not_applicable_online_task,0.10892689570996252,True,5,6,1.0,31011,,,,,,1,0,1,1,5,8,8,27586,3425,16,0,49.1432533999905
minimax-binpack-relational-b4-slots8,minimax-cn-coding-plan,MiniMax-M3,binpack,relational,4,slots8,8,,completed,True,3ff293fa5fe8eac7a2982fe029090ebdf211e6565eabd2159bdb02ac25741bc3,heuristic-benchmark-2-frozen-pilot|chapter6-v11-independent-v1,1,True,0,,not_applicable_online_task,0.10828340769890829,True,3,3,0.875,31519,,,,,,1,0,0,6,6,8,7,28693,2826,16,0,39.424559699953534
qwen-binpack-relational_qp_rr-b0-slots8,alibaba-token-plan-cn,qwen3.7-plus,binpack,relational_qp_rr,0,slots8,8,,completed,True,3ff293fa5fe8eac7a2982fe029090ebdf211e6565eabd2159bdb02ac25741bc3,heuristic-benchmark-2-frozen-pilot|chapter6-v11-independent-v1,0,True,0,,not_applicable_online_task,0.10892689570996252,True,2,2,1.0,28630,,,,,,2,0,2,6,6,8,8,27114,1516,16,0,38.198710400029086
minimax-tsp-relational-b4-slots8,minimax-cn-coding-plan,MiniMax-M3,tsp,relational,4,slots8,8,,completed,True,3ff293fa5fe8eac7a2982fe029090ebdf211e6565eabd2159bdb02ac25741bc3,heuristic-benchmark-2-frozen-pilot|chapter6-v11-independent-v1,0,True,0,,ok,0.05186854709736476,True,1,1,1.0,29521,,0.05186854709736476,0.0,0.0017578305560164154,0.0,0,0,0,0,7,8,8,26728,2793,16,0,38.73356480000075
minimax-binpack-relational_qp_rr-b0-slots8,minimax-cn-coding-plan,MiniMax-M3,binpack,relational_qp_rr,0,slots8,8,,completed,True,3ff293fa5fe8eac7a2982fe029090ebdf211e6565eabd2159bdb02ac25741bc3,heuristic-benchmark-2-frozen-pilot|chapter6-v11-independent-v1,0,True,0,,not_applicable_online_task,0.10892689570996252,True,8,9,0.875,28636,,,,,,1,0,0,0,5,8,7,25349,3287,16,0,44.09550219995435
qwen-binpack-relational_qp-b4-slots8,alibaba-token-plan-cn,qwen3.7-plus,binpack,relational_qp,4,slots8,8,,completed,True,3ff293fa5fe8eac7a2982fe029090ebdf211e6565eabd2159bdb02ac25741bc3,heuristic-benchmark-2-frozen-pilot|chapter6-v11-independent-v1,0,True,0,,not_applicable_online_task,0.10828340769890829,True,3,3,1.0,27214,,,,,,0,0,0,7,7,8,8,25737,1477,16,0,39.10502729995642
qwen-tsp-relational_qp-b2-tokens30000,alibaba-token-plan-cn,qwen3.7-plus,tsp,relational_qp,2,tokens30000,32,30000,completed,True,3ff293fa5fe8eac7a2982fe029090ebdf211e6565eabd2159bdb02ac25741bc3,heuristic-benchmark-2-frozen-pilot|chapter6-v11-independent-v1,0,True,0,planner_admission,ok,0.05206376641266345,True,4,4,1.0,23024,True,0.060896476280633466,-0.008832709867970016,0.001832499999889276,0.025475239597410947,0,0,0,0,6,7,7,21716,1308,14,0,42.36501910001971
minimax-binpack-relational_rr-b2-slots8,minimax-cn-coding-plan,MiniMax-M3,binpack,relational_rr,2,slots8,8,,completed,True,3ff293fa5fe8eac7a2982fe029090ebdf211e6565eabd2159bdb02ac25741bc3,heuristic-benchmark-2-frozen-pilot|chapter6-v11-independent-v1,0,True,0,,not_applicable_online_task,0.10182804463758785,True,6,6,1.0,30870,,,,,,0,0,0,2,5,8,8,27632,3238,16,0,46.59941810008604
qwen-binpack-relational-b4-slots8,alibaba-token-plan-cn,qwen3.7-plus,binpack,relational,4,slots8,8,,completed,True,3ff293fa5fe8eac7a2982fe029090ebdf211e6565eabd2159bdb02ac25741bc3,heuristic-benchmark-2-frozen-pilot|chapter6-v11-independent-v1,0,True,0,,not_applicable_online_task,0.10828340769890829,True,2,2,1.0,27483,,,,,,1,0,1,7,7,8,8,26220,1263,16,0,49.62578600004781
qwen-binpack-relational_rr-b0-tokens30000,alibaba-token-plan-cn,qwen3.7-plus,binpack,relational_rr,0,tokens30000,32,30000,completed,True,3ff293fa5fe8eac7a2982fe029090ebdf211e6565eabd2159bdb02ac25741bc3,heuristic-benchmark-2-frozen-pilot|chapter6-v11-independent-v1,0,True,0,planner_admission,not_applicable_online_task,0.10892689570996252,True,2,2,1.0,20398,True,,,,,0,0,0,6,6,6,6,19211,1187,12,0,34.80587729997933
minimax-binpack-relational-b0-tokens30000,minimax-cn-coding-plan,MiniMax-M3,binpack,relational,0,tokens30000,32,30000,completed,True,3ff293fa5fe8eac7a2982fe029090ebdf211e6565eabd2159bdb02ac25741bc3,heuristic-benchmark-2-frozen-pilot|chapter6-v11-independent-v1,0,True,0,planner_admission,not_applicable_online_task,0.10892689570996252,True,4,4,0.8333333333333334,20543,True,,,,,0,0,0,2,5,6,5,18280,2263,12,0,31.86196170002222
qwen-tsp-relational_rr-b4-tokens30000,alibaba-token-plan-cn,qwen3.7-plus,tsp,relational_rr,4,tokens30000,32,30000,completed,True,3ff293fa5fe8eac7a2982fe029090ebdf211e6565eabd2159bdb02ac25741bc3,heuristic-benchmark-2-frozen-pilot|chapter6-v11-independent-v1,0,True,0,planner_admission,ok,0.05186854709736476,True,4,5,1.0,22870,True,0.04535044969512118,0.006518097402243586,0.00170977777775584,0.04068392186001416,0,2,1,1,5,7,7,21345,1525,14,0,50.25287510000635
minimax-tsp-relational_qp_rr-b1-tokens30000,minimax-cn-coding-plan,MiniMax-M3,tsp,relational_qp_rr,1,tokens30000,32,30000,completed,True,3ff293fa5fe8eac7a2982fe029090ebdf211e6565eabd2159bdb02ac25741bc3,heuristic-benchmark-2-frozen-pilot|chapter6-v11-independent-v1,0,True,0,planner_admission,ok,0.06126060245883437,True,3,3,1.0,19617,True,0.06330647582914678,-0.0020458733703124093,0.0018101944426436806,0.019843084964845097,1,1,1,0,3,5,5,17812,1805,10,0,24.275003500049934
minimax-tsp-relational_rr-b4-tokens30000,minimax-cn-coding-plan,MiniMax-M3,tsp,relational_rr,4,tokens30000,32,30000,completed,True,3ff293fa5fe8eac7a2982fe029090ebdf211e6565eabd2159bdb02ac25741bc3,heuristic-benchmark-2-frozen-pilot|chapter6-v11-independent-v1,0,True,0,planner_admission,ok,0.05186854709736476,True,1,1,1.0,21050,True,0.05186854709736476,0.0,0.0018125861113528824,0.0,0,0,0,2,6,6,6,19298,1752,12,0,25.508538500056602
qwen-binpack-relational-b2-slots8,alibaba-token-plan-cn,qwen3.7-plus,binpack,relational,2,slots8,8,,completed,True,3ff293fa5fe8eac7a2982fe029090ebdf211e6565eabd2159bdb02ac25741bc3,heuristic-benchmark-2-frozen-pilot|chapter6-v11-independent-v1,0,True,0,,not_applicable_online_task,0.10182804463758785,True,3,3,0.875,27306,,,,,,0,0,0,6,7,8,7,25953,1353,16,0,48.834515399998054
qwen-binpack-relational_qp_rr-b2-tokens30000,alibaba-token-plan-cn,qwen3.7-plus,binpack,relational_qp_rr,2,tokens30000,32,30000,completed,True,3ff293fa5fe8eac7a2982fe029090ebdf211e6565eabd2159bdb02ac25741bc3,heuristic-benchmark-2-frozen-pilot|chapter6-v11-independent-v1,0,True,0,planner_admission,not_applicable_online_task,0.10182804463758785,True,2,2,1.0,19922,True,,,,,0,0,0,6,6,6,6,18957,965,12,0,30.83869689994026
qwen-binpack-relational-b1-tokens30000,alibaba-token-plan-cn,qwen3.7-plus,binpack,relational,1,tokens30000,32,30000,completed,True,3ff293fa5fe8eac7a2982fe029090ebdf211e6565eabd2159bdb02ac25741bc3,heuristic-benchmark-2-frozen-pilot|chapter6-v11-independent-v1,0,True,0,planner_admission,not_applicable_online_task,0.11352826487106794,True,2,2,1.0,20030,True,,,,,0,0,0,6,6,6,6,19012,1018,12,0,33.49170709995087
minimax-tsp-relational_qp-b0-slots8,minimax-cn-coding-plan,MiniMax-M3,tsp,relational_qp,0,slots8,8,,completed,True,3ff293fa5fe8eac7a2982fe029090ebdf211e6565eabd2159bdb02ac25741bc3,heuristic-benchmark-2-frozen-pilot|chapter6-v11-independent-v1,0,True,0,,ok,0.07798923407672351,True,1,1,1.0,31058,,0.07798923407672352,0.0,0.0018642555547153784,0.0,0,1,0,2,7,8,8,28059,2999,16,0,39.84133209998254
minimax-binpack-niche-b1-slots8,minimax-cn-coding-plan,MiniMax-M3,binpack,niche,1,slots8,8,,completed,True,3ff293fa5fe8eac7a2982fe029090ebdf211e6565eabd2159bdb02ac25741bc3,heuristic-benchmark-2-frozen-pilot|chapter6-v11-independent-v1,0,True,0,,not_applicable_online_task,0.11352826487106794,True,7,7,1.0,23600,,,,,,1,0,1,1,1,8,8,20392,3208,16,0,38.287054599961266
minimax-tsp-relational_rr-b0-slots8,minimax-cn-coding-plan,MiniMax-M3,tsp,relational_rr,0,slots8,8,,completed,True,3ff293fa5fe8eac7a2982fe029090ebdf211e6565eabd2159bdb02ac25741bc3,heuristic-benchmark-2-frozen-pilot|chapter6-v11-independent-v1,0,True,0,,ok,0.06409610803892883,True,1,1,0.875,27376,,0.06409610803892882,0.0,0.0018060972247945352,0.0,0,1,1,0,7,8,7,25248,2128,16,0,32.3198600000469
minimax-tsp-relational_rr-b1-slots8,minimax-cn-coding-plan,MiniMax-M3,tsp,relational_rr,1,slots8,8,,completed,True,3ff293fa5fe8eac7a2982fe029090ebdf211e6565eabd2159bdb02ac25741bc3,heuristic-benchmark-2-frozen-pilot|chapter6-v11-independent-v1,0,True,0,,ok,0.058337270423890204,True,3,3,1.0,32648,,0.06232238116939014,-0.003985110745499933,0.0017505861113830986,0.029620052043491652,1,1,1,0,6,8,8,29536,3112,16,0,41.21041559998412
qwen-tsp-relational-b0-tokens30000,alibaba-token-plan-cn,qwen3.7-plus,tsp,relational,0,tokens30000,32,30000,completed,True,3ff293fa5fe8eac7a2982fe029090ebdf211e6565eabd2159bdb02ac25741bc3,heuristic-benchmark-2-frozen-pilot|chapter6-v11-independent-v1,0,True,0,planner_admission,ok,0.04932563080982112,True,2,2,1.0,20464,True,0.056434471343260295,-0.007108840533439173,0.0017425250003321304,0.013197561539709121,0,1,1,2,6,6,6,19186,1278,12,0,32.64037749997806
qwen-tsp-relational_qp-b4-tokens30000,alibaba-token-plan-cn,qwen3.7-plus,tsp,relational_qp,4,tokens30000,32,30000,completed,True,3ff293fa5fe8eac7a2982fe029090ebdf211e6565eabd2159bdb02ac25741bc3,heuristic-benchmark-2-frozen-pilot|chapter6-v11-independent-v1,0,True,0,planner_admission,ok,0.05186854709736476,True,2,2,1.0,21047,True,0.05595014153828686,-0.004081594440922098,0.001765002777877574,0.023303315123072186,0,2,1,1,6,6,6,19815,1232,12,0,32.00456920010038
qwen-tsp-relational_qp-b1-slots8,alibaba-token-plan-cn,qwen3.7-plus,tsp,relational_qp,1,slots8,8,,completed,True,3ff293fa5fe8eac7a2982fe029090ebdf211e6565eabd2159bdb02ac25741bc3,heuristic-benchmark-2-frozen-pilot|chapter6-v11-independent-v1,0,True,0,,ok,0.043833333534036484,True,5,7,1.0,27593,,0.04804887203441539,-0.004215538500378903,0.0019221277778140372,0.01922334831046975,3,0,0,3,5,8,8,25815,1778,16,0,46.14267630001996
minimax-tsp-relational_qp-b1-slots8,minimax-cn-coding-plan,MiniMax-M3,tsp,relational_qp,1,slots8,8,,completed,True,3ff293fa5fe8eac7a2982fe029090ebdf211e6565eabd2159bdb02ac25741bc3,heuristic-benchmark-2-frozen-pilot|chapter6-v11-independent-v1,0,True,0,,ok,0.05733297248122856,True,5,5,1.0,29108,,0.05761861495291162,-0.00028564247168305634,0.0018823027753064202,0.034856505020247494,1,0,0,1,5,8,8,26673,2435,16,0,34.74113640002906
minimax-tsp-relational_qp-b2-slots8,minimax-cn-coding-plan,MiniMax-M3,tsp,relational_qp,2,slots8,8,,completed,True,3ff293fa5fe8eac7a2982fe029090ebdf211e6565eabd2159bdb02ac25741bc3,heuristic-benchmark-2-frozen-pilot|chapter6-v11-independent-v1,0,True,0,,ok,0.05206376641266345,True,4,4,1.0,30708,,0.059174678118603205,-0.007110911705939756,0.001724783331155777,0.022142486899921397,0,0,0,1,6,8,8,27667,3041,16,0,43.28067059989553
qwen-binpack-relational_qp-b2-tokens30000,alibaba-token-plan-cn,qwen3.7-plus,binpack,relational_qp,2,tokens30000,32,30000,completed,True,3ff293fa5fe8eac7a2982fe029090ebdf211e6565eabd2159bdb02ac25741bc3,heuristic-benchmark-2-frozen-pilot|chapter6-v11-independent-v1,0,True,0,planner_admission,not_applicable_online_task,0.10182804463758785,True,2,2,0.8333333333333334,20077,True,,,,,0,0,0,5,6,6,5,19001,1076,12,0,31.421119799953885
minimax-tsp-niche-b2-tokens30000,minimax-cn-coding-plan,MiniMax-M3,tsp,niche,2,tokens30000,32,30000,completed,True,3ff293fa5fe8eac7a2982fe029090ebdf211e6565eabd2159bdb02ac25741bc3,heuristic-benchmark-2-frozen-pilot|chapter6-v11-independent-v1,0,True,0,planner_admission,ok,0.038170672259754554,True,4,6,1.0,23699,True,0.04037581497385612,-0.002205142714101563,0.001713349998074894,0.009959879616270748,2,0,0,0,1,8,8,20803,2896,16,0,41.69639910000842
minimax-tsp-relational-b3-tokens30000,minimax-cn-coding-plan,MiniMax-M3,tsp,relational,3,tokens30000,32,30000,completed,True,3ff293fa5fe8eac7a2982fe029090ebdf211e6565eabd2159bdb02ac25741bc3,heuristic-benchmark-2-frozen-pilot|chapter6-v11-independent-v1,0,True,0,planner_admission,ok,0.06278023053274404,True,1,1,1.0,21674,True,0.056064054238232894,0.006716176294511142,0.0017600777791813016,0.027995745776886134,0,1,1,0,5,6,6,19829,1845,12,0,27.46760390000418
qwen-binpack-relational_qp-b3-slots8,alibaba-token-plan-cn,qwen3.7-plus,binpack,relational_qp,3,slots8,8,,completed,True,3ff293fa5fe8eac7a2982fe029090ebdf211e6565eabd2159bdb02ac25741bc3,heuristic-benchmark-2-frozen-pilot|chapter6-v11-independent-v1,0,True,0,,not_applicable_online_task,0.11780149380826194,True,3,3,1.0,27651,,,,,,1,0,1,6,6,8,8,26401,1250,16,0,40.11567460000515
qwen-binpack-relational_qp_rr-b0-tokens30000,alibaba-token-plan-cn,qwen3.7-plus,binpack,relational_qp_rr,0,tokens30000,32,30000,completed,True,3ff293fa5fe8eac7a2982fe029090ebdf211e6565eabd2159bdb02ac25741bc3,heuristic-benchmark-2-frozen-pilot|chapter6-v11-independent-v1,0,True,0,planner_admission,not_applicable_online_task,0.10892689570996252,True,2,2,1.0,20453,True,,,,,0,0,0,6,6,6,6,19271,1182,12,0,31.946559399948455
qwen-tsp-relational_qp_rr-b3-slots8,alibaba-token-plan-cn,qwen3.7-plus,tsp,relational_qp_rr,3,slots8,8,,completed,True,3ff293fa5fe8eac7a2982fe029090ebdf211e6565eabd2159bdb02ac25741bc3,heuristic-benchmark-2-frozen-pilot|chapter6-v11-independent-v1,0,True,0,,ok,0.05482945647781017,True,4,4,1.0,25320,,0.05659725318980671,-0.0017677967119965401,0.002066972222463745,0.02235929201917674,2,1,0,1,5,8,8,23581,1739,16,0,53.828566800104454
qwen-tsp-relational-b0-slots8,alibaba-token-plan-cn,qwen3.7-plus,tsp,relational,0,slots8,8,,completed,True,3ff293fa5fe8eac7a2982fe029090ebdf211e6565eabd2159bdb02ac25741bc3,heuristic-benchmark-2-frozen-pilot|chapter6-v11-independent-v1,0,True,0,,ok,0.02889961230452498,True,4,6,1.0,26340,,0.033263448635462795,-0.004363836330937815,0.0021555361130999196,0.006007207238543883,0,0,0,1,5,8,8,24607,1733,16,0,52.24428550002631
qwen-tsp-niche-b4-slots8,alibaba-token-plan-cn,qwen3.7-plus,tsp,niche,4,slots8,8,,completed,True,3ff293fa5fe8eac7a2982fe029090ebdf211e6565eabd2159bdb02ac25741bc3,heuristic-benchmark-2-frozen-pilot|chapter6-v11-independent-v1,0,True,0,,ok,0.037958237968322796,True,4,5,1.0,20405,,0.03494168959611453,0.003016548372208265,0.0017916999996588048,0.021742206636140272,1,0,0,1,1,8,8,18614,1791,16,0,56.06569459999446
minimax-binpack-relational_rr-b0-tokens30000,minimax-cn-coding-plan,MiniMax-M3,binpack,relational_rr,0,tokens30000,32,30000,completed,True,3ff293fa5fe8eac7a2982fe029090ebdf211e6565eabd2159bdb02ac25741bc3,heuristic-benchmark-2-frozen-pilot|chapter6-v11-independent-v1,0,True,0,planner_admission,not_applicable_online_task,0.10892689570996252,True,2,2,0.3333333333333333,21257,True,,,,,0,0,0,2,6,6,2,18531,2726,12,0,31.264584099990316
qwen-tsp-relational_qp-b4-slots8,alibaba-token-plan-cn,qwen3.7-plus,tsp,relational_qp,4,slots8,8,,completed,True,3ff293fa5fe8eac7a2982fe029090ebdf211e6565eabd2159bdb02ac25741bc3,heuristic-benchmark-2-frozen-pilot|chapter6-v11-independent-v1,0,True,0,,ok,0.05186854709736476,True,2,2,1.0,29328,,0.05186854709736476,0.0,0.00202779722167179,0.022629082028964822,0,1,0,3,6,8,8,27556,1772,16,0,52.175168800051324
minimax-tsp-relational_qp_rr-b0-tokens30000,minimax-cn-coding-plan,MiniMax-M3,tsp,relational_qp_rr,0,tokens30000,32,30000,completed,True,3ff293fa5fe8eac7a2982fe029090ebdf211e6565eabd2159bdb02ac25741bc3,heuristic-benchmark-2-frozen-pilot|chapter6-v11-independent-v1,0,True,0,planner_admission,ok,0.07798923407672351,True,2,2,1.0,21022,True,0.08066364364226929,-0.0026744095655457656,0.0017946722218766809,0.008167037420687626,0,2,1,2,6,6,6,19138,1884,12,0,27.756244200048968
minimax-binpack-relational_qp_rr-b3-slots8,minimax-cn-coding-plan,MiniMax-M3,binpack,relational_qp_rr,3,slots8,8,,completed,True,3ff293fa5fe8eac7a2982fe029090ebdf211e6565eabd2159bdb02ac25741bc3,heuristic-benchmark-2-frozen-pilot|chapter6-v11-independent-v1,0,True,0,,not_applicable_online_task,0.11780149380826194,True,2,2,1.0,31071,,,,,,2,0,2,6,6,8,8,28275,2796,16,0,42.882731699966826
qwen-binpack-relational_rr-b2-tokens30000,alibaba-token-plan-cn,qwen3.7-plus,binpack,relational_rr,2,tokens30000,32,30000,completed,True,3ff293fa5fe8eac7a2982fe029090ebdf211e6565eabd2159bdb02ac25741bc3,heuristic-benchmark-2-frozen-pilot|chapter6-v11-independent-v1,0,True,0,planner_admission,not_applicable_online_task,0.10182804463758785,True,2,2,1.0,21132,True,,,,,0,0,0,5,6,6,6,19575,1557,12,0,45.18824990000576
qwen-binpack-relational_rr-b2-slots8,alibaba-token-plan-cn,qwen3.7-plus,binpack,relational_rr,2,slots8,8,,completed,True,3ff293fa5fe8eac7a2982fe029090ebdf211e6565eabd2159bdb02ac25741bc3,heuristic-benchmark-2-frozen-pilot|chapter6-v11-independent-v1,0,True,0,,not_applicable_online_task,0.10182804463758785,True,3,3,1.0,28046,,,,,,0,0,0,6,7,8,8,26624,1422,16,0,39.64912070007995
qwen-binpack-niche-b2-tokens30000,alibaba-token-plan-cn,qwen3.7-plus,binpack,niche,2,tokens30000,32,30000,completed,True,3ff293fa5fe8eac7a2982fe029090ebdf211e6565eabd2159bdb02ac25741bc3,heuristic-benchmark-2-frozen-pilot|chapter6-v11-independent-v1,0,True,0,planner_admission,not_applicable_online_task,0.10182804463758785,True,5,5,0.9090909090909091,23728,True,,,,,3,0,1,6,2,11,10,21550,2178,22,0,57.721682399977
minimax-binpack-relational_rr-b4-tokens30000,minimax-cn-coding-plan,MiniMax-M3,binpack,relational_rr,4,tokens30000,32,30000,completed,True,3ff293fa5fe8eac7a2982fe029090ebdf211e6565eabd2159bdb02ac25741bc3,heuristic-benchmark-2-frozen-pilot|chapter6-v11-independent-v1,0,True,0,planner_admission,not_applicable_online_task,0.10828340769890829,True,2,3,0.8,18477,True,,,,,0,0,0,2,5,5,4,16207,2270,10,0,24.24254580005072
minimax-tsp-relational_rr-b0-tokens30000,minimax-cn-coding-plan,MiniMax-M3,tsp,relational_rr,0,tokens30000,32,30000,completed,True,3ff293fa5fe8eac7a2982fe029090ebdf211e6565eabd2159bdb02ac25741bc3,heuristic-benchmark-2-frozen-pilot|chapter6-v11-independent-v1,0,True,0,planner_admission,ok,0.07798923407672351,True,1,1,1.0,18481,True,0.07798923407672352,0.0,0.0017529888912880172,0.0,0,1,0,2,5,5,5,16767,1714,10,0,27.168326999992132
qwen-binpack-relational-b0-tokens30000,alibaba-token-plan-cn,qwen3.7-plus,binpack,relational,0,tokens30000,32,30000,completed,True,3ff293fa5fe8eac7a2982fe029090ebdf211e6565eabd2159bdb02ac25741bc3,heuristic-benchmark-2-frozen-pilot|chapter6-v11-independent-v1,0,True,0,planner_admission,not_applicable_online_task,0.10892689570996252,True,3,3,1.0,20495,True,,,,,0,0,0,5,5,6,6,19444,1051,12,0,29.419337200000882
qwen-tsp-relational-b3-slots8,alibaba-token-plan-cn,qwen3.7-plus,tsp,relational,3,slots8,8,,completed,True,3ff293fa5fe8eac7a2982fe029090ebdf211e6565eabd2159bdb02ac25741bc3,heuristic-benchmark-2-frozen-pilot|chapter6-v11-independent-v1,0,True,0,,ok,0.06943237431840063,True,3,4,1.0,26201,,0.08011631531942431,-0.01068394100102367,0.003491338888933468,0.031039223640328663,1,1,1,0,5,8,8,24482,1719,16,0,45.74566150002647
minimax-binpack-relational_rr-b3-tokens30000,minimax-cn-coding-plan,MiniMax-M3,binpack,relational_rr,3,tokens30000,32,30000,completed,True,3ff293fa5fe8eac7a2982fe029090ebdf211e6565eabd2159bdb02ac25741bc3,heuristic-benchmark-2-frozen-pilot|chapter6-v11-independent-v1,0,True,0,planner_admission,not_applicable_online_task,0.11780149380826194,True,2,2,1.0,20990,True,,,,,0,0,0,6,6,6,6,19588,1402,12,0,22.51894540002104
minimax-tsp-niche-b4-slots8,minimax-cn-coding-plan,MiniMax-M3,tsp,niche,4,slots8,8,,completed,True,3ff293fa5fe8eac7a2982fe029090ebdf211e6565eabd2159bdb02ac25741bc3,heuristic-benchmark-2-frozen-pilot|chapter6-v11-independent-v1,0,True,0,,ok,0.04392199986383107,True,2,3,0.75,21936,,0.04505390529060397,-0.0011319054267728973,0.0017741027760267672,0.01934402518119659,1,0,0,1,1,8,6,19247,2689,16,0,33.68930049997289
qwen-tsp-relational_qp-b1-tokens30000,alibaba-token-plan-cn,qwen3.7-plus,tsp,relational_qp,1,tokens30000,32,30000,completed,True,3ff293fa5fe8eac7a2982fe029090ebdf211e6565eabd2159bdb02ac25741bc3,heuristic-benchmark-2-frozen-pilot|chapter6-v11-independent-v1,0,True,0,planner_admission,ok,0.0738464453045773,True,4,5,1.0,20708,True,0.07712117924411732,-0.0032747339395400032,0.002540652775981774,0.031067660621844267,2,2,2,0,4,6,6,19377,1331,12,0,37.45963559998199
minimax-binpack-niche-b2-slots8,minimax-cn-coding-plan,MiniMax-M3,binpack,niche,2,slots8,8,,completed,True,3ff293fa5fe8eac7a2982fe029090ebdf211e6565eabd2159bdb02ac25741bc3,heuristic-benchmark-2-frozen-pilot|chapter6-v11-independent-v1,0,True,0,,not_applicable_online_task,0.10182804463758785,True,2,2,0.75,21508,,,,,,1,0,1,5,1,8,6,18281,3227,16,0,38.69283409998752
minimax-tsp-relational_qp_rr-b1-slots8,minimax-cn-coding-plan,MiniMax-M3,tsp,relational_qp_rr,1,slots8,8,,completed,True,3ff293fa5fe8eac7a2982fe029090ebdf211e6565eabd2159bdb02ac25741bc3,heuristic-benchmark-2-frozen-pilot|chapter6-v11-independent-v1,0,True,0,,ok,0.0680063516977589,True,4,5,1.0,32300,,0.05331990485278201,0.014686446844976886,0.0019035388896655706,0.03648037962904149,2,2,3,1,5,8,8,29520,2780,16,0,54.925181000027806
minimax-tsp-niche-b4-tokens30000,minimax-cn-coding-plan,MiniMax-M3,tsp,niche,4,tokens30000,32,30000,completed,True,3ff293fa5fe8eac7a2982fe029090ebdf211e6565eabd2159bdb02ac25741bc3,heuristic-benchmark-2-frozen-pilot|chapter6-v11-independent-v1,0,True,0,planner_admission,ok,0.05186854709736476,True,2,2,1.0,21181,True,0.052397888396270485,-0.0005293412989057222,0.0018151305557694286,0.005880905701055969,0,1,1,6,1,8,8,18587,2594,16,0,37.16101419995539
minimax-tsp-relational_qp_rr-b0-slots8,minimax-cn-coding-plan,MiniMax-M3,tsp,relational_qp_rr,0,slots8,8,,completed,True,3ff293fa5fe8eac7a2982fe029090ebdf211e6565eabd2159bdb02ac25741bc3,heuristic-benchmark-2-frozen-pilot|chapter6-v11-independent-v1,0,True,0,,ok,0.07353049598430739,True,1,1,1.0,34971,,0.07353049598430737,0.0,0.0020900444457462677,0.0,2,3,2,2,6,8,8,31466,3505,16,0,51.13101040001493
minimax-tsp-relational_qp-b3-tokens30000,minimax-cn-coding-plan,MiniMax-M3,tsp,relational_qp,3,tokens30000,32,30000,completed,True,3ff293fa5fe8eac7a2982fe029090ebdf211e6565eabd2159bdb02ac25741bc3,heuristic-benchmark-2-frozen-pilot|chapter6-v11-independent-v1,0,True,0,planner_admission,ok,0.05895714589331033,True,3,3,1.0,19606,True,0.05895714589331033,0.0,0.0017700777777160208,0.023903195209137196,1,0,0,0,4,6,6,18035,1571,12,0,27.5284660999896
minimax-tsp-relational-b1-slots8,minimax-cn-coding-plan,MiniMax-M3,tsp,relational,1,slots8,8,,completed,True,3ff293fa5fe8eac7a2982fe029090ebdf211e6565eabd2159bdb02ac25741bc3,heuristic-benchmark-2-frozen-pilot|chapter6-v11-independent-v1,0,True,0,,ok,0.04672769730895216,True,7,7,1.0,29018,,0.055007865633701816,-0.008280168324749655,0.00189571666608875,0.020277072221394344,1,1,1,1,6,8,8,26653,2365,16,0,40.90102609992027
qwen-tsp-relational_rr-b2-tokens30000,alibaba-token-plan-cn,qwen3.7-plus,tsp,relational_rr,2,tokens30000,32,30000,completed,True,3ff293fa5fe8eac7a2982fe029090ebdf211e6565eabd2159bdb02ac25741bc3,heuristic-benchmark-2-frozen-pilot|chapter6-v11-independent-v1,0,True,0,planner_admission,ok,0.05206376641266345,True,5,5,1.0,21805,True,0.05459127985951196,-0.0025275134468485116,0.0020616833321077544,0.027462997508603246,0,0,0,0,5,7,7,20433,1372,14,0,40.68839539994951
qwen-binpack-relational-b0-slots8,alibaba-token-plan-cn,qwen3.7-plus,binpack,relational,0,slots8,8,,completed,True,3ff293fa5fe8eac7a2982fe029090ebdf211e6565eabd2159bdb02ac25741bc3,heuristic-benchmark-2-frozen-pilot|chapter6-v11-independent-v1,0,True,0,,not_applicable_online_task,0.10892689570996252,True,2,2,1.0,27974,,,,,,1,0,1,7,7,8,8,26606,1368,16,0,42.12609360006172
minimax-tsp-relational_qp-b3-slots8,minimax-cn-coding-plan,MiniMax-M3,tsp,relational_qp,3,slots8,8,,completed,True,3ff293fa5fe8eac7a2982fe029090ebdf211e6565eabd2159bdb02ac25741bc3,heuristic-benchmark-2-frozen-pilot|chapter6-v11-independent-v1,0,True,0,,ok,0.08560787797695248,True,3,3,0.75,32037,,0.06509541394664296,0.0205124640303095,0.0018206250000124176,0.04862273373159979,0,0,0,1,5,8,6,28511,3526,16,0,55.18853629997466
qwen-binpack-relational_qp-b0-tokens30000,alibaba-token-plan-cn,qwen3.7-plus,binpack,relational_qp,0,tokens30000,32,30000,completed,True,3ff293fa5fe8eac7a2982fe029090ebdf211e6565eabd2159bdb02ac25741bc3,heuristic-benchmark-2-frozen-pilot|chapter6-v11-independent-v1,0,True,0,planner_admission,not_applicable_online_task,0.10892689570996252,True,2,2,0.6666666666666666,19255,True,,,,,0,0,0,4,6,6,4,17994,1261,12,0,33.15711630007718
qwen-binpack-relational_rr-b3-tokens30000,alibaba-token-plan-cn,qwen3.7-plus,binpack,relational_rr,3,tokens30000,32,30000,completed,True,3ff293fa5fe8eac7a2982fe029090ebdf211e6565eabd2159bdb02ac25741bc3,heuristic-benchmark-2-frozen-pilot|chapter6-v11-independent-v1,0,True,0,planner_admission,not_applicable_online_task,0.11780149380826194,True,3,3,1.0,19765,True,,,,,0,0,0,5,6,6,6,18720,1045,12,0,30.405141599942
qwen-binpack-niche-b0-slots8,alibaba-token-plan-cn,qwen3.7-plus,binpack,niche,0,slots8,8,,completed,True,3ff293fa5fe8eac7a2982fe029090ebdf211e6565eabd2159bdb02ac25741bc3,heuristic-benchmark-2-frozen-pilot|chapter6-v11-independent-v1,0,True,0,,not_applicable_online_task,0.10892689570996252,True,4,4,1.0,17768,,,,,,5,0,4,2,1,8,8,16012,1756,16,0,54.210587800014764
minimax-binpack-relational_rr-b1-tokens30000,minimax-cn-coding-plan,MiniMax-M3,binpack,relational_rr,1,tokens30000,32,30000,completed,True,3ff293fa5fe8eac7a2982fe029090ebdf211e6565eabd2159bdb02ac25741bc3,heuristic-benchmark-2-frozen-pilot|chapter6-v11-independent-v1,0,True,0,planner_admission,not_applicable_online_task,0.11352826487106794,True,3,3,0.6,19071,True,,,,,0,0,0,2,5,5,3,16690,2381,10,0,26.401894200011156
qwen-binpack-relational-b2-tokens30000,alibaba-token-plan-cn,qwen3.7-plus,binpack,relational,2,tokens30000,32,30000,completed,True,3ff293fa5fe8eac7a2982fe029090ebdf211e6565eabd2159bdb02ac25741bc3,heuristic-benchmark-2-frozen-pilot|chapter6-v11-independent-v1,0,True,0,planner_admission,not_applicable_online_task,0.10182804463758785,True,5,5,1.0,22381,True,,,,,0,0,0,4,5,7,7,21040,1341,14,0,34.982531199930236
qwen-binpack-relational_qp_rr-b4-slots8,alibaba-token-plan-cn,qwen3.7-plus,binpack,relational_qp_rr,4,slots8,8,,completed,True,3ff293fa5fe8eac7a2982fe029090ebdf211e6565eabd2159bdb02ac25741bc3,heuristic-benchmark-2-frozen-pilot|chapter6-v11-independent-v1,0,True,0,,not_applicable_online_task,0.10828340769890829,True,3,3,1.0,27749,,,,,,1,0,1,6,6,8,8,26446,1303,16,0,44.49635189992841
qwen-binpack-niche-b3-slots8,alibaba-token-plan-cn,qwen3.7-plus,binpack,niche,3,slots8,8,,completed,True,3ff293fa5fe8eac7a2982fe029090ebdf211e6565eabd2159bdb02ac25741bc3,heuristic-benchmark-2-frozen-pilot|chapter6-v11-independent-v1,0,True,0,,not_applicable_online_task,0.11780149380826194,True,2,2,1.0,15993,,,,,,2,0,2,6,1,8,8,14731,1262,16,0,42.681320299976505
minimax-tsp-relational_qp_rr-b2-tokens30000,minimax-cn-coding-plan,MiniMax-M3,tsp,relational_qp_rr,2,tokens30000,32,30000,completed,True,3ff293fa5fe8eac7a2982fe029090ebdf211e6565eabd2159bdb02ac25741bc3,heuristic-benchmark-2-frozen-pilot|chapter6-v11-independent-v1,0,True,0,planner_admission,ok,0.05206376641266345,True,2,2,1.0,21095,True,0.05242246836835903,-0.00035870195569558116,0.0018248222218567713,0.023931667138711747,0,1,1,0,5,5,5,18502,2593,10,0,43.0945663000457
qwen-tsp-relational_qp_rr-b3-tokens30000,alibaba-token-plan-cn,qwen3.7-plus,tsp,relational_qp_rr,3,tokens30000,32,30000,completed,True,3ff293fa5fe8eac7a2982fe029090ebdf211e6565eabd2159bdb02ac25741bc3,heuristic-benchmark-2-frozen-pilot|chapter6-v11-independent-v1,0,True,0,planner_admission,ok,0.06278023053274404,True,2,2,1.0,20504,True,0.059141627545738644,0.003638602987005392,0.0020552555571258482,0.026309867206693392,0,0,0,1,4,6,6,19357,1147,12,0,45.341088699991815
qwen-tsp-relational-b4-tokens30000,alibaba-token-plan-cn,qwen3.7-plus,tsp,relational,4,tokens30000,32,30000,completed,True,3ff293fa5fe8eac7a2982fe029090ebdf211e6565eabd2159bdb02ac25741bc3,heuristic-benchmark-2-frozen-pilot|chapter6-v11-independent-v1,0,True,0,planner_admission,ok,0.05186854709736476,True,2,2,1.0,21996,True,0.03785280022860718,0.014015746868757582,0.0018350305553111765,0.02729057241473028,0,0,0,0,6,7,7,20517,1479,14,0,46.022782400017604
qwen-binpack-relational_qp_rr-b3-slots8,alibaba-token-plan-cn,qwen3.7-plus,binpack,relational_qp_rr,3,slots8,8,,completed,True,3ff293fa5fe8eac7a2982fe029090ebdf211e6565eabd2159bdb02ac25741bc3,heuristic-benchmark-2-frozen-pilot|chapter6-v11-independent-v1,0,True,0,,not_applicable_online_task,0.11780149380826194,True,3,3,1.0,28208,,,,,,0,0,0,7,6,8,8,26683,1525,16,0,47.40894220001064
minimax-binpack-relational_qp-b1-tokens30000,minimax-cn-coding-plan,MiniMax-M3,binpack,relational_qp,1,tokens30000,32,30000,completed,True,3ff293fa5fe8eac7a2982fe029090ebdf211e6565eabd2159bdb02ac25741bc3,heuristic-benchmark-2-frozen-pilot|chapter6-v11-independent-v1,0,True,0,planner_admission,not_applicable_online_task,0.11352826487106794,True,4,4,1.0,21382,True,,,,,0,0,0,4,5,6,6,19458,1924,12,0,28.439732900005765
minimax-tsp-relational_rr-b3-slots8,minimax-cn-coding-plan,MiniMax-M3,tsp,relational_rr,3,slots8,8,,completed,True,3ff293fa5fe8eac7a2982fe029090ebdf211e6565eabd2159bdb02ac25741bc3,heuristic-benchmark-2-frozen-pilot|chapter6-v11-independent-v1,0,True,0,,ok,0.049861715493903246,True,5,5,1.0,26738,,0.042503362426823496,0.0073583530670797495,0.0017954083321253872,0.02226313606599692,1,0,0,1,5,8,8,24849,1889,16,0,38.29690770001616
minimax-tsp-relational_qp-b0-tokens30000,minimax-cn-coding-plan,MiniMax-M3,tsp,relational_qp,0,tokens30000,32,30000,completed,True,3ff293fa5fe8eac7a2982fe029090ebdf211e6565eabd2159bdb02ac25741bc3,heuristic-benchmark-2-frozen-pilot|chapter6-v11-independent-v1,0,True,0,planner_admission,ok,0.07798923407672351,True,1,1,1.0,21729,True,0.07798923407672352,0.0,0.0022906111132922685,0.0,0,0,0,2,6,6,6,19762,1967,12,0,28.69814240001142
qwen-tsp-relational_qp_rr-b2-tokens30000,alibaba-token-plan-cn,qwen3.7-plus,tsp,relational_qp_rr,2,tokens30000,32,30000,completed,True,3ff293fa5fe8eac7a2982fe029090ebdf211e6565eabd2159bdb02ac25741bc3,heuristic-benchmark-2-frozen-pilot|chapter6-v11-independent-v1,0,True,0,planner_admission,ok,0.05206376641266345,True,5,5,1.0,22202,True,0.043095619578916146,0.008968146833747304,0.002269327776351323,0.028506767417598576,0,0,0,1,5,7,7,20739,1463,14,0,53.14919769996777
minimax-binpack-relational-b3-tokens30000,minimax-cn-coding-plan,MiniMax-M3,binpack,relational,3,tokens30000,32,30000,completed,True,3ff293fa5fe8eac7a2982fe029090ebdf211e6565eabd2159bdb02ac25741bc3,heuristic-benchmark-2-frozen-pilot|chapter6-v11-independent-v1,0,True,0,planner_admission,not_applicable_online_task,0.11780149380826194,True,2,2,1.0,18840,True,,,,,0,0,0,5,5,5,5,17019,1821,10,0,29.275067399954423
qwen-binpack-relational_qp-b0-slots8,alibaba-token-plan-cn,qwen3.7-plus,binpack,relational_qp,0,slots8,8,,completed,True,3ff293fa5fe8eac7a2982fe029090ebdf211e6565eabd2159bdb02ac25741bc3,heuristic-benchmark-2-frozen-pilot|chapter6-v11-independent-v1,0,True,0,,not_applicable_online_task,0.10892689570996252,True,2,2,1.0,28434,,,,,,1,0,1,7,6,8,8,26844,1590,16,0,51.848201200016774
minimax-binpack-niche-b3-slots8,minimax-cn-coding-plan,MiniMax-M3,binpack,niche,3,slots8,8,,completed,True,3ff293fa5fe8eac7a2982fe029090ebdf211e6565eabd2159bdb02ac25741bc3,heuristic-benchmark-2-frozen-pilot|chapter6-v11-independent-v1,0,True,0,,not_applicable_online_task,0.11780149380826194,True,5,5,0.875,27175,,,,,,2,0,1,2,1,8,7,23151,4024,16,0,51.36845060007181
qwen-binpack-relational_qp-b4-tokens30000,alibaba-token-plan-cn,qwen3.7-plus,binpack,relational_qp,4,tokens30000,32,30000,completed,True,3ff293fa5fe8eac7a2982fe029090ebdf211e6565eabd2159bdb02ac25741bc3,heuristic-benchmark-2-frozen-pilot|chapter6-v11-independent-v1,0,True,0,planner_admission,not_applicable_online_task,0.10828340769890829,True,2,2,0.8333333333333334,20269,True,,,,,0,0,0,5,6,6,5,19117,1152,12,0,34.18933399999514
qwen-binpack-niche-b2-slots8,alibaba-token-plan-cn,qwen3.7-plus,binpack,niche,2,slots8,8,,completed,True,3ff293fa5fe8eac7a2982fe029090ebdf211e6565eabd2159bdb02ac25741bc3,heuristic-benchmark-2-frozen-pilot|chapter6-v11-independent-v1,0,True,0,,not_applicable_online_task,0.10182804463758785,True,3,3,1.0,16071,,,,,,1,0,1,6,1,8,8,14795,1276,16,0,36.37392180005554
minimax-tsp-relational_rr-b3-tokens30000,minimax-cn-coding-plan,MiniMax-M3,tsp,relational_rr,3,tokens30000,32,30000,completed,True,3ff293fa5fe8eac7a2982fe029090ebdf211e6565eabd2159bdb02ac25741bc3,heuristic-benchmark-2-frozen-pilot|chapter6-v11-independent-v1,0,True,0,planner_admission,ok,0.07987316151928911,True,3,3,1.0,22266,True,0.06691741029603539,0.012955751223253736,0.0022218805550235426,0.039476732436664476,1,0,0,1,4,6,6,20116,2150,12,0,45.643561300006695
qwen-tsp-relational_qp-b0-tokens30000,alibaba-token-plan-cn,qwen3.7-plus,tsp,relational_qp,0,tokens30000,32,30000,completed,True,3ff293fa5fe8eac7a2982fe029090ebdf211e6565eabd2159bdb02ac25741bc3,heuristic-benchmark-2-frozen-pilot|chapter6-v11-independent-v1,0,True,0,planner_admission,ok,0.05844785886118298,True,3,3,1.0,20374,True,0.05844785886118298,0.0,0.001887702777619577,0.01725707833053456,0,2,1,2,6,6,6,19169,1205,12,0,35.19885389995761
minimax-binpack-relational_qp_rr-b4-tokens30000,minimax-cn-coding-plan,MiniMax-M3,binpack,relational_qp_rr,4,tokens30000,32,30000,completed,True,3ff293fa5fe8eac7a2982fe029090ebdf211e6565eabd2159bdb02ac25741bc3,heuristic-benchmark-2-frozen-pilot|chapter6-v11-independent-v1,0,True,0,planner_admission,not_applicable_online_task,0.10828340769890829,True,3,3,0.8333333333333334,20459,True,,,,,0,0,0,2,5,6,5,18298,2161,12,0,30.83164789993316
qwen-tsp-relational_qp_rr-b0-tokens30000,alibaba-token-plan-cn,qwen3.7-plus,tsp,relational_qp_rr,0,tokens30000,32,30000,completed,True,3ff293fa5fe8eac7a2982fe029090ebdf211e6565eabd2159bdb02ac25741bc3,heuristic-benchmark-2-frozen-pilot|chapter6-v11-independent-v1,0,True,0,planner_admission,ok,0.07798923407672351,True,2,2,1.0,21951,True,0.08889255346644391,-0.01090331938972039,0.0033019111110156197,0.029773632625287053,0,1,1,3,6,6,6,20586,1365,12,0,42.08181300002616
qwen-binpack-niche-b1-tokens30000,alibaba-token-plan-cn,qwen3.7-plus,binpack,niche,1,tokens30000,32,30000,completed,True,3ff293fa5fe8eac7a2982fe029090ebdf211e6565eabd2159bdb02ac25741bc3,heuristic-benchmark-2-frozen-pilot|chapter6-v11-independent-v1,0,True,0,planner_admission,not_applicable_online_task,0.11352826487106794,True,3,3,1.0,22594,True,,,,,5,0,5,5,2,11,11,20631,1963,22,0,56.98728779994417
minimax-binpack-relational_qp_rr-b2-tokens30000,minimax-cn-coding-plan,MiniMax-M3,binpack,relational_qp_rr,2,tokens30000,32,30000,completed,True,3ff293fa5fe8eac7a2982fe029090ebdf211e6565eabd2159bdb02ac25741bc3,heuristic-benchmark-2-frozen-pilot|chapter6-v11-independent-v1,0,True,0,planner_admission,not_applicable_online_task,0.10182804463758785,True,2,2,0.6,18838,True,,,,,0,0,0,3,5,5,3,17063,1775,10,0,35.47154999990016
minimax-tsp-relational_rr-b1-tokens30000,minimax-cn-coding-plan,MiniMax-M3,tsp,relational_rr,1,tokens30000,32,30000,completed,True,3ff293fa5fe8eac7a2982fe029090ebdf211e6565eabd2159bdb02ac25741bc3,heuristic-benchmark-2-frozen-pilot|chapter6-v11-independent-v1,0,True,0,planner_admission,ok,0.05888835255435846,True,3,3,0.8333333333333334,21175,True,0.070088786635519,-0.011200434081160546,0.0024899444445812455,0.028572705260572116,0,0,0,2,4,6,5,19145,2030,12,0,31.743449999950826
qwen-tsp-relational_qp_rr-b2-slots8,alibaba-token-plan-cn,qwen3.7-plus,tsp,relational_qp_rr,2,slots8,8,,completed,True,3ff293fa5fe8eac7a2982fe029090ebdf211e6565eabd2159bdb02ac25741bc3,heuristic-benchmark-2-frozen-pilot|chapter6-v11-independent-v1,0,True,0,,ok,0.05206376641266345,True,2,2,1.0,26582,,0.0565781759785986,-0.00451440956593515,0.0019145611117386983,0.011401953540047083,0,0,0,2,7,8,8,24889,1693,16,0,51.428305600071326
minimax-tsp-relational_qp-b1-tokens30000,minimax-cn-coding-plan,MiniMax-M3,tsp,relational_qp,1,tokens30000,32,30000,completed,True,3ff293fa5fe8eac7a2982fe029090ebdf211e6565eabd2159bdb02ac25741bc3,heuristic-benchmark-2-frozen-pilot|chapter6-v11-independent-v1,0,True,0,planner_admission,ok,0.06817287696465951,True,5,5,1.0,19524,True,0.06992706357065173,-0.0017541866059922057,0.002301600001778247,0.031157460207224888,1,2,2,0,3,5,5,17464,2060,10,0,31.82846009999048
minimax-binpack-relational-b2-tokens30000,minimax-cn-coding-plan,MiniMax-M3,binpack,relational,2,tokens30000,32,30000,completed,True,3ff293fa5fe8eac7a2982fe029090ebdf211e6565eabd2159bdb02ac25741bc3,heuristic-benchmark-2-frozen-pilot|chapter6-v11-independent-v1,0,True,0,planner_admission,not_applicable_online_task,0.10182804463758785,True,3,3,1.0,18309,True,,,,,0,0,0,4,5,5,5,16390,1919,10,0,28.830694500007667
minimax-binpack-niche-b1-tokens30000,minimax-cn-coding-plan,MiniMax-M3,binpack,niche,1,tokens30000,32,30000,completed,True,3ff293fa5fe8eac7a2982fe029090ebdf211e6565eabd2159bdb02ac25741bc3,heuristic-benchmark-2-frozen-pilot|chapter6-v11-independent-v1,0,True,0,planner_admission,not_applicable_online_task,0.11352826487106794,True,3,3,0.875,23832,True,,,,,2,0,2,3,1,8,7,20248,3584,16,0,37.68344109994359
minimax-binpack-relational_rr-b2-tokens30000,minimax-cn-coding-plan,MiniMax-M3,binpack,relational_rr,2,tokens30000,32,30000,completed,True,3ff293fa5fe8eac7a2982fe029090ebdf211e6565eabd2159bdb02ac25741bc3,heuristic-benchmark-2-frozen-pilot|chapter6-v11-independent-v1,0,True,0,planner_admission,not_applicable_online_task,0.10182804463758785,True,4,4,1.0,21868,True,,,,,0,1,0,4,6,6,6,19697,2171,12,0,29.567256600013934
minimax-binpack-relational_qp-b4-slots8,minimax-cn-coding-plan,MiniMax-M3,binpack,relational_qp,4,slots8,8,,completed,True,3ff293fa5fe8eac7a2982fe029090ebdf211e6565eabd2159bdb02ac25741bc3,heuristic-benchmark-2-frozen-pilot|chapter6-v11-independent-v1,0,True,0,,not_applicable_online_task,0.10828340769890829,True,4,4,1.0,30877,,,,,,1,0,1,5,6,8,8,28424,2453,16,0,42.08739320002496
minimax-tsp-relational-b4-tokens30000,minimax-cn-coding-plan,MiniMax-M3,tsp,relational,4,tokens30000,32,30000,completed,True,3ff293fa5fe8eac7a2982fe029090ebdf211e6565eabd2159bdb02ac25741bc3,heuristic-benchmark-2-frozen-pilot|chapter6-v11-independent-v1,0,True,0,planner_admission,ok,0.05186854709736476,True,1,1,1.0,20530,True,0.05186854709736476,0.0,0.0019847722206678656,0.0,0,0,0,0,5,5,5,18208,2322,10,0,30.69389009999577
minimax-binpack-relational_rr-b0-slots8,minimax-cn-coding-plan,MiniMax-M3,binpack,relational_rr,0,slots8,8,,completed,True,3ff293fa5fe8eac7a2982fe029090ebdf211e6565eabd2159bdb02ac25741bc3,heuristic-benchmark-2-frozen-pilot|chapter6-v11-independent-v1,0,True,0,,not_applicable_online_task,0.10892689570996252,True,3,3,0.75,30701,,,,,,1,0,1,4,6,8,6,27700,3001,16,0,46.66828390001319
minimax-tsp-niche-b0-tokens30000,minimax-cn-coding-plan,MiniMax-M3,tsp,niche,0,tokens30000,32,30000,completed,True,3ff293fa5fe8eac7a2982fe029090ebdf211e6565eabd2159bdb02ac25741bc3,heuristic-benchmark-2-frozen-pilot|chapter6-v11-independent-v1,0,True,0,planner_admission,ok,0.05240714875845718,True,7,7,1.0,22663,True,0.0687241520115735,-0.016317003253116323,0.0018295222220735417,0.02020831747086562,4,1,1,1,1,8,8,20115,2548,16,0,43.31784300005529
minimax-binpack-relational_qp_rr-b1-slots8,minimax-cn-coding-plan,MiniMax-M3,binpack,relational_qp_rr,1,slots8,8,,completed,True,3ff293fa5fe8eac7a2982fe029090ebdf211e6565eabd2159bdb02ac25741bc3,heuristic-benchmark-2-frozen-pilot|chapter6-v11-independent-v1,0,True,0,,not_applicable_online_task,0.11352826487106794,True,3,3,1.0,31340,,,,,,0,0,0,5,7,8,8,28342,2998,16,0,40.59549149998929
minimax-binpack-relational_qp_rr-b1-tokens30000,minimax-cn-coding-plan,MiniMax-M3,binpack,relational_qp_rr,1,tokens30000,32,30000,completed,True,3ff293fa5fe8eac7a2982fe029090ebdf211e6565eabd2159bdb02ac25741bc3,heuristic-benchmark-2-frozen-pilot|chapter6-v11-independent-v1,0,True,0,planner_admission,not_applicable_online_task,0.11352826487106794,True,2,2,1.0,18123,True,,,,,0,0,0,3,5,5,5,16131,1992,10,0,24.792329300078563
minimax-tsp-relational-b0-tokens30000,minimax-cn-coding-plan,MiniMax-M3,tsp,relational,0,tokens30000,32,30000,completed,True,3ff293fa5fe8eac7a2982fe029090ebdf211e6565eabd2159bdb02ac25741bc3,heuristic-benchmark-2-frozen-pilot|chapter6-v11-independent-v1,0,True,0,planner_admission,ok,0.07798923407672351,True,3,3,1.0,20988,True,0.06998968911764172,0.007999544959081797,0.0018095944445425023,0.029402851350264825,0,0,0,2,6,6,6,18856,2132,12,0,30.33556820009835
qwen-binpack-relational_rr-b1-slots8,alibaba-token-plan-cn,qwen3.7-plus,binpack,relational_rr,1,slots8,8,,completed,True,3ff293fa5fe8eac7a2982fe029090ebdf211e6565eabd2159bdb02ac25741bc3,heuristic-benchmark-2-frozen-pilot|chapter6-v11-independent-v1,1,False,0,,not_applicable_online_task,0.11352826487106794,True,2,2,0.75,,,,,,,0,0,0,6,7,8,6,25849,1525,15,0,161.51070680003613
qwen-binpack-relational_qp_rr-b2-slots8,alibaba-token-plan-cn,qwen3.7-plus,binpack,relational_qp_rr,2,slots8,8,,completed,True,3ff293fa5fe8eac7a2982fe029090ebdf211e6565eabd2159bdb02ac25741bc3,heuristic-benchmark-2-frozen-pilot|chapter6-v11-independent-v1,0,True,0,,not_applicable_online_task,0.10182804463758785,True,2,2,0.75,28044,,,,,,0,0,0,6,7,8,6,26377,1667,16,0,44.82588240003679
qwen-tsp-relational_rr-b1-tokens30000,alibaba-token-plan-cn,qwen3.7-plus,tsp,relational_rr,1,tokens30000,32,30000,completed,True,3ff293fa5fe8eac7a2982fe029090ebdf211e6565eabd2159bdb02ac25741bc3,heuristic-benchmark-2-frozen-pilot|chapter6-v11-independent-v1,0,True,0,planner_admission,ok,0.05316243736720468,True,8,8,1.0,22510,True,0.056675690081855544,-0.0035132527146508608,0.002706033336128005,0.03055638068127996,3,1,1,0,4,7,7,20957,1553,14,0,40.77947910001967
minimax-binpack-relational_rr-b3-slots8,minimax-cn-coding-plan,MiniMax-M3,binpack,relational_rr,3,slots8,8,,completed,True,3ff293fa5fe8eac7a2982fe029090ebdf211e6565eabd2159bdb02ac25741bc3,heuristic-benchmark-2-frozen-pilot|chapter6-v11-independent-v1,0,True,0,,not_applicable_online_task,0.11780149380826194,True,3,3,0.875,30632,,,,,,1,0,1,5,7,8,7,27750,2882,16,0,39.584410000010394
qwen-tsp-relational_qp_rr-b4-slots8,alibaba-token-plan-cn,qwen3.7-plus,tsp,relational_qp_rr,4,slots8,8,,completed,True,3ff293fa5fe8eac7a2982fe029090ebdf211e6565eabd2159bdb02ac25741bc3,heuristic-benchmark-2-frozen-pilot|chapter6-v11-independent-v1,0,True,0,,ok,0.037958237968322796,True,4,4,1.0,27523,,0.037315177288595264,0.0006430606797275321,0.002581927776595371,0.027095567777227235,1,0,0,1,5,8,8,25868,1655,16,0,43.50141609995626
qwen-tsp-relational_rr-b4-slots8,alibaba-token-plan-cn,qwen3.7-plus,tsp,relational_rr,4,slots8,8,,completed,True,3ff293fa5fe8eac7a2982fe029090ebdf211e6565eabd2159bdb02ac25741bc3,heuristic-benchmark-2-frozen-pilot|chapter6-v11-independent-v1,0,True,0,,ok,0.05186854709736476,True,2,2,1.0,26724,,0.04454089776472837,0.007327649332636396,0.0028258249997937432,0.028011657514153666,0,1,1,0,7,8,8,25064,1660,16,0,43.3832597999135
minimax-tsp-relational-b3-slots8,minimax-cn-coding-plan,MiniMax-M3,tsp,relational,3,slots8,8,,completed,True,3ff293fa5fe8eac7a2982fe029090ebdf211e6565eabd2159bdb02ac25741bc3,heuristic-benchmark-2-frozen-pilot|chapter6-v11-independent-v1,0,True,0,,ok,0.07539966942268499,True,4,4,1.0,30314,,0.06895029416463706,0.0064493752580479236,0.0024550722219929513,0.042765864667125474,1,0,0,0,5,8,8,27367,2947,16,0,38.943570800009184
qwen-binpack-relational-b3-slots8,alibaba-token-plan-cn,qwen3.7-plus,binpack,relational,3,slots8,8,,completed,True,3ff293fa5fe8eac7a2982fe029090ebdf211e6565eabd2159bdb02ac25741bc3,heuristic-benchmark-2-frozen-pilot|chapter6-v11-independent-v1,0,True,0,,not_applicable_online_task,0.11780149380826194,True,2,2,1.0,28042,,,,,,1,0,1,7,7,8,8,26537,1505,16,0,39.349981100065634
minimax-binpack-relational-b4-tokens30000,minimax-cn-coding-plan,MiniMax-M3,binpack,relational,4,tokens30000,32,30000,completed,True,3ff293fa5fe8eac7a2982fe029090ebdf211e6565eabd2159bdb02ac25741bc3,heuristic-benchmark-2-frozen-pilot|chapter6-v11-independent-v1,0,True,0,planner_admission,not_applicable_online_task,0.10828340769890829,True,2,2,0.8,18393,True,,,,,0,0,0,3,5,5,4,16090,2303,10,0,26.878004399943165
qwen-tsp-relational_rr-b2-slots8,alibaba-token-plan-cn,qwen3.7-plus,tsp,relational_rr,2,slots8,8,,completed,True,3ff293fa5fe8eac7a2982fe029090ebdf211e6565eabd2159bdb02ac25741bc3,heuristic-benchmark-2-frozen-pilot|chapter6-v11-independent-v1,0,True,0,,ok,0.05206376641266345,True,2,2,1.0,25470,,0.048121828983359316,0.003941937429304133,0.002709158334053225,0.016185938117785244,0,0,0,0,7,8,8,23816,1654,16,0,44.50376280001365
minimax-binpack-niche-b4-slots8,minimax-cn-coding-plan,MiniMax-M3,binpack,niche,4,slots8,8,,completed,True,3ff293fa5fe8eac7a2982fe029090ebdf211e6565eabd2159bdb02ac25741bc3,heuristic-benchmark-2-frozen-pilot|chapter6-v11-independent-v1,0,True,0,,not_applicable_online_task,0.10828340769890829,True,7,7,1.0,24763,,,,,,1,1,0,1,1,8,8,21378,3385,16,0,40.455876099993475
qwen-tsp-niche-b3-slots8,alibaba-token-plan-cn,qwen3.7-plus,tsp,niche,3,slots8,8,,completed,True,3ff293fa5fe8eac7a2982fe029090ebdf211e6565eabd2159bdb02ac25741bc3,heuristic-benchmark-2-frozen-pilot|chapter6-v11-independent-v1,0,True,0,,ok,0.06943237431840063,True,7,7,1.0,19263,,0.0905517634869778,-0.021119389168577155,0.00291221111223826,0.03604696347853895,5,0,0,1,1,8,8,17555,1708,16,0,45.38397550000809
qwen-tsp-relational_qp_rr-b1-tokens30000,alibaba-token-plan-cn,qwen3.7-plus,tsp,relational_qp_rr,1,tokens30000,32,30000,completed,True,3ff293fa5fe8eac7a2982fe029090ebdf211e6565eabd2159bdb02ac25741bc3,heuristic-benchmark-2-frozen-pilot|chapter6-v11-independent-v1,0,True,0,planner_admission,ok,0.07005354638393319,True,4,4,1.0,21890,True,0.07785798519821727,-0.007804438814284068,0.002518605557270348,0.03913532258133455,1,2,2,1,4,6,6,20628,1262,12,0,34.06120739993639
minimax-tsp-niche-b0-slots8,minimax-cn-coding-plan,MiniMax-M3,tsp,niche,0,slots8,8,,completed,True,3ff293fa5fe8eac7a2982fe029090ebdf211e6565eabd2159bdb02ac25741bc3,heuristic-benchmark-2-frozen-pilot|chapter6-v11-independent-v1,0,True,0,,ok,0.0753478855068519,True,3,3,1.0,23593,,0.07428265835133005,0.0010652271555218473,0.00332374444244326,0.01950776791614496,1,3,3,4,1,8,8,20677,2916,16,0,50.75738389999606
qwen-tsp-relational-b1-slots8,alibaba-token-plan-cn,qwen3.7-plus,tsp,relational,1,slots8,8,,completed,True,3ff293fa5fe8eac7a2982fe029090ebdf211e6565eabd2159bdb02ac25741bc3,heuristic-benchmark-2-frozen-pilot|chapter6-v11-independent-v1,0,True,0,,ok,0.047128511241972065,True,5,6,1.0,29813,,0.0451157394978822,0.0020127717440898626,0.0024046638896430116,0.024463550463853213,1,2,2,2,5,8,8,28136,1677,16,0,46.25751919997856
minimax-tsp-relational_rr-b2-slots8,minimax-cn-coding-plan,MiniMax-M3,tsp,relational_rr,2,slots8,8,,completed,True,3ff293fa5fe8eac7a2982fe029090ebdf211e6565eabd2159bdb02ac25741bc3,heuristic-benchmark-2-frozen-pilot|chapter6-v11-independent-v1,0,True,0,,ok,0.05206376641266345,True,1,1,1.0,33244,,0.05206376641266345,0.0,0.0037068694461292275,0.0,0,0,0,0,7,8,8,29862,3382,16,0,52.77646279998589
qwen-binpack-niche-b4-slots8,alibaba-token-plan-cn,qwen3.7-plus,binpack,niche,4,slots8,8,,completed,True,3ff293fa5fe8eac7a2982fe029090ebdf211e6565eabd2159bdb02ac25741bc3,heuristic-benchmark-2-frozen-pilot|chapter6-v11-independent-v1,0,True,0,,not_applicable_online_task,0.10828340769890829,True,2,2,1.0,16028,,,,,,3,0,3,5,1,8,8,14717,1311,16,0,36.81383410003036
minimax-tsp-niche-b3-tokens30000,minimax-cn-coding-plan,MiniMax-M3,tsp,niche,3,tokens30000,32,30000,completed,True,3ff293fa5fe8eac7a2982fe029090ebdf211e6565eabd2159bdb02ac25741bc3,heuristic-benchmark-2-frozen-pilot|chapter6-v11-independent-v1,0,True,0,planner_admission,ok,0.06278023053274404,True,2,2,0.875,21494,True,0.05978424695933119,0.0029959835734128457,0.0022923277768616876,0.02617287872668974,1,0,0,0,1,8,7,18899,2595,16,0,38.12704230006784
minimax-binpack-relational_qp-b1-slots8,minimax-cn-coding-plan,MiniMax-M3,binpack,relational_qp,1,slots8,8,,completed,True,3ff293fa5fe8eac7a2982fe029090ebdf211e6565eabd2159bdb02ac25741bc3,heuristic-benchmark-2-frozen-pilot|chapter6-v11-independent-v1,0,True,0,,not_applicable_online_task,0.11352826487106794,True,3,3,0.75,31452,,,,,,0,0,0,5,7,8,6,27904,3548,16,0,45.416515700053424
minimax-tsp-relational_qp-b4-slots8,minimax-cn-coding-plan,MiniMax-M3,tsp,relational_qp,4,slots8,8,,completed,True,3ff293fa5fe8eac7a2982fe029090ebdf211e6565eabd2159bdb02ac25741bc3,heuristic-benchmark-2-frozen-pilot|chapter6-v11-independent-v1,0,True,0,,ok,0.05186854709736476,True,1,1,0.875,29518,,0.05186854709736476,0.0,0.0020663638877320206,0.0,0,0,0,0,7,8,7,26452,3066,16,0,48.06723089993466
qwen-binpack-relational_rr-b4-slots8,alibaba-token-plan-cn,qwen3.7-plus,binpack,relational_rr,4,slots8,8,,completed,True,3ff293fa5fe8eac7a2982fe029090ebdf211e6565eabd2159bdb02ac25741bc3,heuristic-benchmark-2-frozen-pilot|chapter6-v11-independent-v1,0,True,0,,not_applicable_online_task,0.10828340769890829,True,2,2,1.0,27422,,,,,,1,0,1,7,7,8,8,26153,1269,16,0,37.800479499972425
minimax-binpack-relational_qp_rr-b2-slots8,minimax-cn-coding-plan,MiniMax-M3,binpack,relational_qp_rr,2,slots8,8,,completed,True,3ff293fa5fe8eac7a2982fe029090ebdf211e6565eabd2159bdb02ac25741bc3,heuristic-benchmark-2-frozen-pilot|chapter6-v11-independent-v1,0,True,0,,not_applicable_online_task,0.10182804463758785,True,2,2,0.875,33570,,,,,,0,0,0,6,6,8,7,29666,3904,16,0,63.22317219991237
qwen-tsp-niche-b2-tokens30000,alibaba-token-plan-cn,qwen3.7-plus,tsp,niche,2,tokens30000,32,30000,completed,True,3ff293fa5fe8eac7a2982fe029090ebdf211e6565eabd2159bdb02ac25741bc3,heuristic-benchmark-2-frozen-pilot|chapter6-v11-independent-v1,0,True,0,planner_admission,ok,0.05206376641266345,True,4,4,1.0,25317,True,0.035829466068654524,0.016234300344008926,0.002490755555401039,0.030045450988989274,0,0,0,3,2,10,10,22997,2320,20,0,61.18540010007564
minimax-binpack-relational_qp-b2-slots8,minimax-cn-coding-plan,MiniMax-M3,binpack,relational_qp,2,slots8,8,,completed,True,3ff293fa5fe8eac7a2982fe029090ebdf211e6565eabd2159bdb02ac25741bc3,heuristic-benchmark-2-frozen-pilot|chapter6-v11-independent-v1,0,True,0,,not_applicable_online_task,0.10182804463758785,True,4,4,1.0,31708,,,,,,0,0,0,5,6,8,8,28276,3432,16,0,57.04691839998122
minimax-binpack-relational-b2-slots8,minimax-cn-coding-plan,MiniMax-M3,binpack,relational,2,slots8,8,,completed,True,3ff293fa5fe8eac7a2982fe029090ebdf211e6565eabd2159bdb02ac25741bc3,heuristic-benchmark-2-frozen-pilot|chapter6-v11-independent-v1,0,True,0,,not_applicable_online_task,0.10182804463758785,True,2,2,0.875,32091,,,,,,0,0,0,5,7,8,7,28904,3187,16,0,52.31951499998104
qwen-tsp-relational_rr-b3-slots8,alibaba-token-plan-cn,qwen3.7-plus,tsp,relational_rr,3,slots8,8,,completed,True,3ff293fa5fe8eac7a2982fe029090ebdf211e6565eabd2159bdb02ac25741bc3,heuristic-benchmark-2-frozen-pilot|chapter6-v11-independent-v1,0,True,0,,ok,0.054542533625406876,True,3,3,1.0,27316,,0.054542533625406876,0.0,0.0028297583339735866,0.018120201472732765,1,1,0,2,5,8,8,25477,1839,16,0,54.790456200018525
minimax-binpack-niche-b2-tokens30000,minimax-cn-coding-plan,MiniMax-M3,binpack,niche,2,tokens30000,32,30000,completed,True,3ff293fa5fe8eac7a2982fe029090ebdf211e6565eabd2159bdb02ac25741bc3,heuristic-benchmark-2-frozen-pilot|chapter6-v11-independent-v1,0,True,0,planner_admission,not_applicable_online_task,0.10182804463758785,True,2,2,1.0,21738,True,,,,,2,0,2,5,1,8,8,18878,2860,16,0,54.930520099936984
minimax-tsp-relational_qp_rr-b4-tokens30000,minimax-cn-coding-plan,MiniMax-M3,tsp,relational_qp_rr,4,tokens30000,32,30000,completed,True,3ff293fa5fe8eac7a2982fe029090ebdf211e6565eabd2159bdb02ac25741bc3,heuristic-benchmark-2-frozen-pilot|chapter6-v11-independent-v1,0,True,0,planner_admission,ok,0.05186854709736476,True,1,1,1.0,19960,True,0.05186854709736476,0.0,0.0027199111128639844,0.0,0,0,0,0,5,5,5,17847,2113,10,0,37.43126950005535
minimax-binpack-relational_qp-b4-tokens30000,minimax-cn-coding-plan,MiniMax-M3,binpack,relational_qp,4,tokens30000,32,30000,completed,True,3ff293fa5fe8eac7a2982fe029090ebdf211e6565eabd2159bdb02ac25741bc3,heuristic-benchmark-2-frozen-pilot|chapter6-v11-independent-v1,0,True,0,planner_admission,not_applicable_online_task,0.10828340769890829,True,3,3,0.8333333333333334,22567,True,,,,,0,0,0,1,6,6,5,19549,3018,12,0,31.51657780003734
qwen-tsp-relational-b3-tokens30000,alibaba-token-plan-cn,qwen3.7-plus,tsp,relational,3,tokens30000,32,30000,completed,True,3ff293fa5fe8eac7a2982fe029090ebdf211e6565eabd2159bdb02ac25741bc3,heuristic-benchmark-2-frozen-pilot|chapter6-v11-independent-v1,0,True,0,planner_admission,ok,0.06278023053274404,True,4,4,1.0,19552,True,0.06990977178920285,-0.007129541256458816,0.002538808333661614,0.023160075568538156,0,1,1,1,4,6,6,18245,1307,12,0,37.00354750000406
qwen-binpack-relational_rr-b4-tokens30000,alibaba-token-plan-cn,qwen3.7-plus,binpack,relational_rr,4,tokens30000,32,30000,completed,True,3ff293fa5fe8eac7a2982fe029090ebdf211e6565eabd2159bdb02ac25741bc3,heuristic-benchmark-2-frozen-pilot|chapter6-v11-independent-v1,0,True,0,planner_admission,not_applicable_online_task,0.10828340769890829,True,2,2,1.0,19866,True,,,,,0,0,0,6,6,6,6,18868,998,12,0,30.61988160002511
qwen-binpack-relational-b1-slots8,alibaba-token-plan-cn,qwen3.7-plus,binpack,relational,1,slots8,8,,completed,True,3ff293fa5fe8eac7a2982fe029090ebdf211e6565eabd2159bdb02ac25741bc3,heuristic-benchmark-2-frozen-pilot|chapter6-v11-independent-v1,0,True,0,,not_applicable_online_task,0.11352826487106794,True,3,3,0.75,27246,,,,,,1,0,1,4,7,8,6,25741,1505,16,0,46.55479309998918
qwen-binpack-relational_qp_rr-b1-slots8,alibaba-token-plan-cn,qwen3.7-plus,binpack,relational_qp_rr,1,slots8,8,,completed,True,3ff293fa5fe8eac7a2982fe029090ebdf211e6565eabd2159bdb02ac25741bc3,heuristic-benchmark-2-frozen-pilot|chapter6-v11-independent-v1,0,True,0,,not_applicable_online_task,0.11352826487106794,True,3,3,0.875,27496,,,,,,0,0,0,6,7,8,7,26115,1381,16,0,41.471032200031914
qwen-tsp-niche-b0-tokens30000,alibaba-token-plan-cn,qwen3.7-plus,tsp,niche,0,tokens30000,32,30000,completed,True,3ff293fa5fe8eac7a2982fe029090ebdf211e6565eabd2159bdb02ac25741bc3,heuristic-benchmark-2-frozen-pilot|chapter6-v11-independent-v1,0,True,0,planner_admission,ok,0.055793825972090975,True,3,3,1.0,24478,True,0.057758430677019704,-0.0019646047049287282,0.002570047224354413,0.019163219755167264,2,1,2,5,2,10,10,22267,2211,20,0,59.024764199974015
minimax-binpack-relational_rr-b4-slots8,minimax-cn-coding-plan,MiniMax-M3,binpack,relational_rr,4,slots8,8,,completed,True,3ff293fa5fe8eac7a2982fe029090ebdf211e6565eabd2159bdb02ac25741bc3,heuristic-benchmark-2-frozen-pilot|chapter6-v11-independent-v1,0,True,0,,not_applicable_online_task,0.10828340769890829,True,3,3,1.0,31207,,,,,,1,0,1,6,7,8,8,28199,3008,16,0,40.02032380003948
qwen-tsp-relational-b1-tokens30000,alibaba-token-plan-cn,qwen3.7-plus,tsp,relational,1,tokens30000,32,30000,completed,True,3ff293fa5fe8eac7a2982fe029090ebdf211e6565eabd2159bdb02ac25741bc3,heuristic-benchmark-2-frozen-pilot|chapter6-v11-independent-v1,0,True,0,planner_admission,ok,0.06126060245883437,True,5,5,1.0,21400,True,0.06485270570364099,-0.0035921032448066187,0.0026628027780033234,0.020062443439177624,1,1,1,0,5,6,6,20151,1249,12,0,34.766518700052984
qwen-tsp-relational_qp-b0-slots8,alibaba-token-plan-cn,qwen3.7-plus,tsp,relational_qp,0,slots8,8,,completed,True,3ff293fa5fe8eac7a2982fe029090ebdf211e6565eabd2159bdb02ac25741bc3,heuristic-benchmark-2-frozen-pilot|chapter6-v11-independent-v1,0,True,0,,ok,0.05844785886118298,True,6,6,1.0,29033,,0.059191522645223364,-0.0007436637840403867,0.0023030361108895806,0.028505645075901205,1,2,1,1,5,8,8,27354,1679,16,0,52.938886799965985
qwen-tsp-relational_qp-b3-tokens30000,alibaba-token-plan-cn,qwen3.7-plus,tsp,relational_qp,3,tokens30000,32,30000,completed,True,3ff293fa5fe8eac7a2982fe029090ebdf211e6565eabd2159bdb02ac25741bc3,heuristic-benchmark-2-frozen-pilot|chapter6-v11-independent-v1,0,True,0,planner_admission,ok,0.05944254779108549,True,4,4,1.0,20396,True,0.05884482392874836,0.0005977238623371406,0.002498455555824977,0.032853314122891,1,0,0,1,4,6,6,19201,1195,12,0,36.106502300011925
minimax-binpack-niche-b0-slots8,minimax-cn-coding-plan,MiniMax-M3,binpack,niche,0,slots8,8,,completed,True,3ff293fa5fe8eac7a2982fe029090ebdf211e6565eabd2159bdb02ac25741bc3,heuristic-benchmark-2-frozen-pilot|chapter6-v11-independent-v1,0,True,0,,not_applicable_online_task,0.10892689570996252,True,5,6,1.0,23776,,,,,,2,0,1,3,1,8,8,20934,2842,16,0,34.207094399956986
qwen-tsp-relational-b2-slots8,alibaba-token-plan-cn,qwen3.7-plus,tsp,relational,2,slots8,8,,completed,True,3ff293fa5fe8eac7a2982fe029090ebdf211e6565eabd2159bdb02ac25741bc3,heuristic-benchmark-2-frozen-pilot|chapter6-v11-independent-v1,0,True,0,,ok,0.030257266916305408,True,5,5,1.0,27093,,0.02806646555534044,0.002190801360964969,0.0026365666643768135,0.018523840727374664,1,0,0,0,5,8,8,25023,2070,16,0,50.23369279992767
minimax-binpack-relational_qp-b0-tokens30000,minimax-cn-coding-plan,MiniMax-M3,binpack,relational_qp,0,tokens30000,32,30000,completed,True,3ff293fa5fe8eac7a2982fe029090ebdf211e6565eabd2159bdb02ac25741bc3,heuristic-benchmark-2-frozen-pilot|chapter6-v11-independent-v1,0,True,0,planner_admission,not_applicable_online_task,0.10892689570996252,True,2,3,1.0,18743,True,,,,,0,0,0,4,5,5,5,16596,2147,10,0,37.46944949997123
qwen-binpack-relational_qp_rr-b3-tokens30000,alibaba-token-plan-cn,qwen3.7-plus,binpack,relational_qp_rr,3,tokens30000,32,30000,completed,True,3ff293fa5fe8eac7a2982fe029090ebdf211e6565eabd2159bdb02ac25741bc3,heuristic-benchmark-2-frozen-pilot|chapter6-v11-independent-v1,0,True,0,planner_admission,not_applicable_online_task,0.11780149380826194,True,2,2,1.0,20138,True,,,,,0,0,0,6,6,6,6,19045,1093,12,0,34.14601559995208
minimax-binpack-relational_qp-b2-tokens30000,minimax-cn-coding-plan,MiniMax-M3,binpack,relational_qp,2,tokens30000,32,30000,completed,True,3ff293fa5fe8eac7a2982fe029090ebdf211e6565eabd2159bdb02ac25741bc3,heuristic-benchmark-2-frozen-pilot|chapter6-v11-independent-v1,0,True,0,planner_admission,not_applicable_online_task,0.10182804463758785,True,2,2,1.0,19816,True,,,,,0,0,0,4,5,5,5,17469,2347,10,0,24.796815700014122
minimax-binpack-relational-b1-tokens30000,minimax-cn-coding-plan,MiniMax-M3,binpack,relational,1,tokens30000,32,30000,completed,True,3ff293fa5fe8eac7a2982fe029090ebdf211e6565eabd2159bdb02ac25741bc3,heuristic-benchmark-2-frozen-pilot|chapter6-v11-independent-v1,0,True,0,planner_admission,not_applicable_online_task,0.11352826487106794,True,5,5,1.0,21438,True,,,,,0,2,2,1,5,6,6,19569,1869,12,0,29.97841039998457
minimax-tsp-relational-b2-tokens30000,minimax-cn-coding-plan,MiniMax-M3,tsp,relational,2,tokens30000,32,30000,completed,True,3ff293fa5fe8eac7a2982fe029090ebdf211e6565eabd2159bdb02ac25741bc3,heuristic-benchmark-2-frozen-pilot|chapter6-v11-independent-v1,0,True,0,planner_admission,ok,0.05206376641266345,True,1,1,1.0,22851,True,0.057674013501132486,-0.005610247088469036,0.0027512638900791192,0.007229775752939718,0,0,0,2,6,6,6,20206,2645,12,0,44.036389100016095
minimax-tsp-relational-b0-slots8,minimax-cn-coding-plan,MiniMax-M3,tsp,relational,0,slots8,8,,completed,True,3ff293fa5fe8eac7a2982fe029090ebdf211e6565eabd2159bdb02ac25741bc3,heuristic-benchmark-2-frozen-pilot|chapter6-v11-independent-v1,0,True,0,,ok,0.07798923407672351,True,1,1,1.0,32930,,0.07798923407672352,0.0,0.002559047224672718,0.0,0,1,0,1,7,8,8,29400,3530,16,0,48.21618510002736
qwen-binpack-relational_rr-b3-slots8,alibaba-token-plan-cn,qwen3.7-plus,binpack,relational_rr,3,slots8,8,,completed,True,3ff293fa5fe8eac7a2982fe029090ebdf211e6565eabd2159bdb02ac25741bc3,heuristic-benchmark-2-frozen-pilot|chapter6-v11-independent-v1,0,True,0,,not_applicable_online_task,0.11780149380826194,True,4,4,0.75,27913,,,,,,0,0,0,4,6,8,6,26316,1597,16,0,41.26062429999001
qwen-tsp-niche-b0-slots8,alibaba-token-plan-cn,qwen3.7-plus,tsp,niche,0,slots8,8,,completed,True,3ff293fa5fe8eac7a2982fe029090ebdf211e6565eabd2159bdb02ac25741bc3,heuristic-benchmark-2-frozen-pilot|chapter6-v11-independent-v1,0,True,0,,ok,0.05186313643800565,True,4,4,1.0,19316,,0.07158817005956007,-0.019725033621554422,0.0026846888876106176,0.018861010584664717,1,2,2,4,1,8,8,17618,1698,16,0,45.088876899913885
minimax-binpack-relational_qp_rr-b3-tokens30000,minimax-cn-coding-plan,MiniMax-M3,binpack,relational_qp_rr,3,tokens30000,32,30000,completed,True,3ff293fa5fe8eac7a2982fe029090ebdf211e6565eabd2159bdb02ac25741bc3,heuristic-benchmark-2-frozen-pilot|chapter6-v11-independent-v1,0,True,0,planner_admission,not_applicable_online_task,0.11780149380826194,True,4,4,0.8333333333333334,22017,True,,,,,0,0,0,2,5,6,5,19272,2745,12,0,38.93956169998273
minimax-tsp-relational_qp_rr-b3-tokens30000,minimax-cn-coding-plan,MiniMax-M3,tsp,relational_qp_rr,3,tokens30000,32,30000,completed,True,3ff293fa5fe8eac7a2982fe029090ebdf211e6565eabd2159bdb02ac25741bc3,heuristic-benchmark-2-frozen-pilot|chapter6-v11-independent-v1,0,True,0,planner_admission,ok,0.06796783840920469,True,4,4,1.0,20917,True,0.06603450420321298,0.0019333342059917047,0.0027409555558632645,0.026341778371007395,1,0,0,1,4,6,6,18728,2189,12,0,42.72968910005875
qwen-tsp-niche-b1-slots8,alibaba-token-plan-cn,qwen3.7-plus,tsp,niche,1,slots8,8,,completed,True,3ff293fa5fe8eac7a2982fe029090ebdf211e6565eabd2159bdb02ac25741bc3,heuristic-benchmark-2-frozen-pilot|chapter6-v11-independent-v1,0,True,0,,ok,0.044768149506068146,True,5,5,1.0,19725,,0.04857774135877112,-0.003809591852702972,0.0024739750014204118,0.01915543179064142,4,2,2,3,1,8,8,17793,1932,16,0,47.04457129992079
qwen-tsp-niche-b4-tokens30000,alibaba-token-plan-cn,qwen3.7-plus,tsp,niche,4,tokens30000,32,30000,completed,True,3ff293fa5fe8eac7a2982fe029090ebdf211e6565eabd2159bdb02ac25741bc3,heuristic-benchmark-2-frozen-pilot|chapter6-v11-independent-v1,0,True,0,planner_admission,ok,0.0426797897386037,True,5,7,1.0,25118,True,0.035514149515033386,0.007165640223570316,0.0026881277800485906,0.031382342335873406,3,0,0,3,2,10,10,22775,2343,20,0,57.10315539990552
qwen-binpack-relational_qp-b3-tokens30000,alibaba-token-plan-cn,qwen3.7-plus,binpack,relational_qp,3,tokens30000,32,30000,completed,True,3ff293fa5fe8eac7a2982fe029090ebdf211e6565eabd2159bdb02ac25741bc3,heuristic-benchmark-2-frozen-pilot|chapter6-v11-independent-v1,0,True,0,planner_admission,not_applicable_online_task,0.11780149380826194,True,2,2,1.0,20131,True,,,,,0,0,0,6,6,6,6,19107,1024,12,0,28.663171499967575
qwen-binpack-relational_rr-b1-tokens30000,alibaba-token-plan-cn,qwen3.7-plus,binpack,relational_rr,1,tokens30000,32,30000,completed,True,3ff293fa5fe8eac7a2982fe029090ebdf211e6565eabd2159bdb02ac25741bc3,heuristic-benchmark-2-frozen-pilot|chapter6-v11-independent-v1,0,True,0,planner_admission,not_applicable_online_task,0.11352826487106794,True,3,3,1.0,19343,True,,,,,0,0,0,5,6,6,6,18325,1018,12,0,29.044274699990638
qwen-tsp-relational_rr-b0-tokens30000,alibaba-token-plan-cn,qwen3.7-plus,tsp,relational_rr,0,tokens30000,32,30000,completed,True,3ff293fa5fe8eac7a2982fe029090ebdf211e6565eabd2159bdb02ac25741bc3,heuristic-benchmark-2-frozen-pilot|chapter6-v11-independent-v1,0,True,0,planner_admission,ok,0.07798923407672351,True,3,3,1.0,17815,True,0.08114188322661392,-0.003152649149890399,0.002573022224371218,0.03727592925630584,0,2,2,2,5,5,5,16711,1104,10,0,29.693644700106233
