job_id,step,available_B,development,ordinary_decision_equal,full_decision_equal,planner_prompt_equal
minimax-relational_branch-b8,0,0,False,True,True,True
minimax-relational_branch-b8,1,0,False,True,True,True
minimax-relational_branch-b8,2,0,False,True,True,True
minimax-relational_branch-b8,3,1,True,True,True,True
minimax-relational_branch-b8,4,1,False,True,True,True
minimax-relational_branch-b8,5,1,True,True,True,True
minimax-relational_branch-b8,6,0,False,True,True,True
minimax-relational_branch-b8,7,0,False,True,True,True
minimax-relational_branch-b3,0,0,False,True,True,True
minimax-relational_branch-b3,1,0,False,True,True,True
minimax-relational_branch-b3,2,0,False,True,True,True
minimax-relational_branch-b3,3,1,True,True,True,True
minimax-relational_branch-b3,4,1,False,True,True,True
minimax-relational_branch-b3,5,1,True,True,True,True
minimax-relational_branch-b3,6,0,False,True,True,True
minimax-relational_branch-b3,7,0,False,True,True,True
minimax-relational_branch-b7,0,0,False,True,True,True
minimax-relational_branch-b7,1,0,False,True,True,True
minimax-relational_branch-b7,2,0,False,True,True,True
minimax-relational_branch-b7,3,1,True,True,True,True
minimax-relational_branch-b7,4,1,False,True,True,True
minimax-relational_branch-b7,5,1,True,True,True,True
minimax-relational_branch-b7,6,0,False,True,True,True
minimax-relational_branch-b7,7,0,False,True,True,True
minimax-niche_fixed_dev-b8,0,0,False,True,True,True
minimax-niche_fixed_dev-b8,1,0,False,True,True,True
minimax-niche_fixed_dev-b8,2,0,False,True,True,True
minimax-niche_fixed_dev-b8,3,0,False,True,True,True
minimax-niche_fixed_dev-b8,4,0,False,True,True,True
minimax-niche_fixed_dev-b8,5,0,False,True,True,True
minimax-niche_fixed_dev-b8,6,0,False,True,True,True
minimax-niche_fixed_dev-b8,7,0,False,True,True,True
minimax-relational_branch-b6,0,0,False,True,True,True
minimax-relational_branch-b6,1,0,False,True,True,True
minimax-relational_branch-b6,2,0,False,True,True,True
minimax-relational_branch-b6,3,1,True,True,True,True
minimax-relational_branch-b6,4,1,False,True,True,True
minimax-relational_branch-b6,5,1,True,True,True,True
minimax-relational_branch-b6,6,0,False,True,True,True
minimax-relational_branch-b6,7,0,False,True,True,True
minimax-niche_fixed_dev-b10,0,0,False,True,True,True
minimax-niche_fixed_dev-b10,1,0,False,True,True,True
minimax-niche_fixed_dev-b10,2,0,False,True,True,True
minimax-niche_fixed_dev-b10,3,0,False,True,True,True
minimax-niche_fixed_dev-b10,4,0,False,True,True,True
minimax-niche_fixed_dev-b10,5,0,False,True,True,True
minimax-niche_fixed_dev-b10,6,0,False,True,True,True
minimax-niche_fixed_dev-b10,7,0,False,True,True,True
minimax-niche_fixed_dev-b5,0,0,False,True,True,True
minimax-niche_fixed_dev-b5,1,0,False,True,True,True
minimax-niche_fixed_dev-b5,2,0,False,True,True,True
minimax-niche_fixed_dev-b5,3,0,False,True,True,True
minimax-niche_fixed_dev-b5,4,0,False,True,True,True
minimax-niche_fixed_dev-b5,5,0,False,True,True,True
minimax-niche_fixed_dev-b5,6,1,False,True,True,True
minimax-niche_fixed_dev-b5,7,1,True,True,True,True
minimax-niche_fixed_dev-b6,0,0,False,True,True,True
minimax-niche_fixed_dev-b6,1,0,False,True,True,True
minimax-niche_fixed_dev-b6,2,0,False,True,True,True
minimax-niche_fixed_dev-b6,3,0,False,True,True,True
minimax-niche_fixed_dev-b6,4,0,False,True,True,True
minimax-niche_fixed_dev-b6,5,0,False,True,True,True
minimax-niche_fixed_dev-b6,6,0,False,True,True,True
minimax-niche_fixed_dev-b6,7,0,False,True,True,True
minimax-niche_fixed_dev-b7,0,0,False,True,True,True
minimax-niche_fixed_dev-b7,1,1,True,True,True,True
minimax-niche_fixed_dev-b7,2,1,False,True,True,True
minimax-niche_fixed_dev-b7,3,1,True,True,True,True
minimax-niche_fixed_dev-b7,4,0,False,True,True,True
minimax-niche_fixed_dev-b7,5,0,False,True,True,True
minimax-niche_fixed_dev-b7,6,1,False,True,True,True
minimax-niche_fixed_dev-b7,7,1,True,True,True,True
minimax-relational_branch-b5,0,0,False,True,True,True
minimax-relational_branch-b5,1,0,False,True,True,True
minimax-relational_branch-b5,2,0,False,True,True,True
minimax-relational_branch-b5,3,0,False,True,True,True
minimax-relational_branch-b5,4,0,False,True,True,True
minimax-relational_branch-b5,5,0,False,True,True,True
minimax-relational_branch-b5,6,0,False,True,True,True
minimax-relational_branch-b5,7,0,False,True,True,True
minimax-relational_branch-b10,0,0,False,True,True,True
minimax-relational_branch-b10,1,0,False,True,True,True
minimax-relational_branch-b10,2,0,False,True,True,True
minimax-relational_branch-b10,3,0,False,True,True,True
minimax-relational_branch-b10,4,0,False,True,True,True
minimax-relational_branch-b10,5,0,False,True,True,True
minimax-relational_branch-b10,6,0,False,True,True,True
minimax-relational_branch-b10,7,0,False,True,True,True
minimax-niche_fixed_dev-b3,0,0,False,True,True,True
minimax-niche_fixed_dev-b3,1,0,False,True,True,True
minimax-niche_fixed_dev-b3,2,0,False,True,True,True
minimax-niche_fixed_dev-b3,3,1,True,True,True,True
minimax-niche_fixed_dev-b3,4,1,False,True,True,True
minimax-niche_fixed_dev-b3,5,1,True,True,True,True
minimax-niche_fixed_dev-b3,6,1,False,True,True,True
minimax-niche_fixed_dev-b3,7,1,True,True,True,True
minimax-niche_fixed_dev-b9,0,0,False,True,True,True
minimax-niche_fixed_dev-b9,1,0,False,True,True,True
minimax-niche_fixed_dev-b9,2,0,False,True,True,True
minimax-niche_fixed_dev-b9,3,1,True,True,True,True
minimax-niche_fixed_dev-b9,4,1,False,True,True,True
minimax-niche_fixed_dev-b9,5,1,True,True,True,True
minimax-niche_fixed_dev-b9,6,0,False,True,True,True
minimax-niche_fixed_dev-b9,7,0,False,True,True,True
minimax-relational_branch-b4,0,0,False,True,True,True
minimax-relational_branch-b4,1,0,False,True,True,True
minimax-relational_branch-b4,2,0,False,True,True,True
minimax-relational_branch-b4,3,0,False,True,True,True
minimax-relational_branch-b4,4,0,False,True,True,True
minimax-relational_branch-b4,5,0,False,True,True,True
minimax-relational_branch-b4,6,1,False,True,True,True
minimax-relational_branch-b4,7,1,True,True,True,True
minimax-niche_fixed_dev-b4,0,0,False,True,True,True
minimax-niche_fixed_dev-b4,1,0,False,True,True,True
minimax-niche_fixed_dev-b4,2,0,False,True,True,True
minimax-niche_fixed_dev-b4,3,0,False,True,True,True
minimax-niche_fixed_dev-b4,4,0,False,True,True,True
minimax-niche_fixed_dev-b4,5,0,False,True,True,True
minimax-niche_fixed_dev-b4,6,0,False,True,True,True
minimax-niche_fixed_dev-b4,7,0,False,True,True,True
minimax-relational_branch-b9,0,0,False,True,True,True
minimax-relational_branch-b9,1,0,False,True,True,True
minimax-relational_branch-b9,2,0,False,True,True,True
minimax-relational_branch-b9,3,0,False,True,True,True
minimax-relational_branch-b9,4,0,False,True,True,True
minimax-relational_branch-b9,5,0,False,True,True,True
minimax-relational_branch-b9,6,0,False,True,True,True
minimax-relational_branch-b9,7,0,False,True,True,True
