model,task,method,seed,steps,best_validation_loss,validation_selected_test_loss,quality_constrained_modes,test_quality_constrained_modes,terminal_collision_rate,useful_generated,valid_fraction,total_tokens,feature_calls,local_checks,evaluator_cpu_seconds,test_evaluator_cpu_seconds,mean_best_validation_loss_over_candidates,useful_per_10k_tokens,improvement_over_seed_validation,run
qwen3.7-plus,binpack,niche,0,12,0.08568803447926386,0.12305882722757955,3,3,0.6666666666666666,1,0.75,24119,20195,0,0.40625,0.1875,0.0859694909732391,0.4146108876819105,0.0,chapter6_demo\runs\pilot_qwen\binpack_niche_s0
qwen3.7-plus,binpack,niche,1,12,0.08568803447926386,0.12305882722757955,2,2,1.0,0,1.0,24092,22036,0,0.5,0.09375,0.0859694909732391,0.0,0.0,chapter6_demo\runs\pilot_qwen\binpack_niche_s1
qwen3.7-plus,binpack,niche,2,12,0.08568803447926386,0.12305882722757955,2,2,0.9166666666666666,0,0.9166666666666666,24156,20607,0,0.46875,0.09375,0.0859694909732391,0.0,0.0,chapter6_demo\runs\pilot_qwen\binpack_niche_s2
qwen3.7-plus,binpack,niche,3,12,0.08568803447926386,0.12305882722757955,5,5,0.75,3,1.0,26771,21900,0,0.640625,0.359375,0.0859694909732391,1.120615591498263,0.0,chapter6_demo\runs\pilot_qwen\binpack_niche_s3
qwen3.7-plus,binpack,niche,4,12,0.08568803447926386,0.12305882722757955,3,3,0.9166666666666666,1,1.0,24198,21980,0,0.453125,0.265625,0.0859694909732391,0.41325729399123895,0.0,chapter6_demo\runs\pilot_qwen\binpack_niche_s4
qwen3.7-plus,binpack,quality,0,12,0.08568803447926386,0.12305882722757955,2,2,0.9166666666666666,0,1.0,22565,23021,0,0.453125,0.125,0.0859694909732391,0.0,0.0,chapter6_demo\runs\pilot_qwen\binpack_quality_s0
qwen3.7-plus,binpack,quality,1,12,0.08568803447926386,0.12305882722757955,3,3,0.75,1,1.0,23262,23250,0,0.515625,0.171875,0.0859694909732391,0.42988565041698906,0.0,chapter6_demo\runs\pilot_qwen\binpack_quality_s1
qwen3.7-plus,binpack,quality,2,12,0.08568803447926386,0.12305882722757955,3,3,0.75,1,0.9166666666666666,23469,22224,0,0.46875,0.171875,0.0859694909732391,0.42609399633559164,0.0,chapter6_demo\runs\pilot_qwen\binpack_quality_s2
qwen3.7-plus,binpack,quality,3,12,0.08568803447926386,0.12305882722757955,2,2,1.0,0,1.0,23349,24512,0,0.53125,0.109375,0.0859694909732391,0.0,0.0,chapter6_demo\runs\pilot_qwen\binpack_quality_s3
qwen3.7-plus,binpack,quality,4,12,0.08568803447926386,0.12305882722757955,3,3,0.9166666666666666,1,1.0,23198,23222,0,0.5,0.15625,0.0859694909732391,0.43107164410725063,0.0,chapter6_demo\runs\pilot_qwen\binpack_quality_s4
qwen3.7-plus,binpack,relational,0,12,0.08568803447926386,0.12305882722757955,3,3,0.9166666666666666,1,1.0,36457,23362,0,0.453125,0.15625,0.0859694909732391,0.2742957456729846,0.0,chapter6_demo\runs\pilot_qwen\binpack_relational_s0
qwen3.7-plus,binpack,relational,1,12,0.08568803447926386,0.12305882722757955,2,2,0.6666666666666666,0,0.9166666666666666,35489,22511,0,0.4375,0.09375,0.0859694909732391,0.0,0.0,chapter6_demo\runs\pilot_qwen\binpack_relational_s1
qwen3.7-plus,binpack,relational,2,12,0.08568803447926386,0.12305882722757955,4,4,0.8333333333333334,2,1.0,37255,22688,0,0.484375,0.25,0.0859694909732391,0.5368406925244934,0.0,chapter6_demo\runs\pilot_qwen\binpack_relational_s2
qwen3.7-plus,binpack,relational,3,12,0.08568803447926386,0.12305882722757955,2,2,0.8333333333333334,0,0.9166666666666666,36411,21741,0,0.484375,0.125,0.0859694909732391,0.0,0.0,chapter6_demo\runs\pilot_qwen\binpack_relational_s3
qwen3.7-plus,binpack,relational,4,12,0.08568803447926386,0.12305882722757955,7,7,0.5,5,0.9166666666666666,38017,20785,0,0.4375,0.484375,0.0859694909732391,1.3152010942473105,0.0,chapter6_demo\runs\pilot_qwen\binpack_relational_s4
qwen3.7-plus,binpack,terminal,0,12,0.08568803447926386,0.12305882722757955,4,4,0.8333333333333334,2,1.0,36456,23113,0,0.515625,0.25,0.0859694909732391,0.5486065393899495,0.0,chapter6_demo\runs\pilot_qwen\binpack_terminal_s0
qwen3.7-plus,binpack,terminal,1,12,0.08568803447926386,0.12305882722757955,4,4,0.8333333333333334,2,1.0,36328,22596,0,0.453125,0.21875,0.0859694909732391,0.5505395287381634,0.0,chapter6_demo\runs\pilot_qwen\binpack_terminal_s1
qwen3.7-plus,binpack,terminal,2,12,0.08568803447926386,0.12305882722757955,2,2,1.0,0,1.0,36535,23256,0,0.46875,0.125,0.0859694909732391,0.0,0.0,chapter6_demo\runs\pilot_qwen\binpack_terminal_s2
qwen3.7-plus,binpack,terminal,3,12,0.08568803447926386,0.12305882722757955,2,2,1.0,0,1.0,35962,22655,0,0.46875,0.109375,0.0859694909732391,0.0,0.0,chapter6_demo\runs\pilot_qwen\binpack_terminal_s3
qwen3.7-plus,binpack,terminal,4,12,0.08568803447926386,0.12305882722757955,3,3,0.8333333333333334,1,1.0,37145,23145,0,0.40625,0.171875,0.0859694909732391,0.26921523758244714,0.0,chapter6_demo\runs\pilot_qwen\binpack_terminal_s4
qwen3.7-plus,tsp,niche,0,12,0.04092924954165981,0.04318467579124911,2,2,0.8333333333333334,2,1.0,30325,15930,6480,1.21875,0.84375,0.05204056825314215,0.6595218466611706,0.03231601009947956,chapter6_demo\runs\pilot_qwen\tsp_niche_s0
qwen3.7-plus,tsp,niche,1,12,0.03425924556997595,0.03113836910265616,2,2,0.75,5,1.0,32467,15930,6480,1.28125,0.875,0.05553706777295728,1.5400252564142052,0.03898601407116342,chapter6_demo\runs\pilot_qwen\tsp_niche_s1
qwen3.7-plus,tsp,niche,2,12,0.03956107119298848,0.055827123602602606,4,4,0.75,4,1.0,32029,15930,6480,1.296875,1.125,0.051949356363230725,1.248868213181804,0.03368418844815089,chapter6_demo\runs\pilot_qwen\tsp_niche_s2
qwen3.7-plus,tsp,niche,3,12,0.03498212543463005,0.041907259987965594,3,2,0.8333333333333334,2,1.0,31830,15930,6480,1.296875,1.015625,0.04762944573943048,0.6283380458686774,0.03826313420650932,chapter6_demo\runs\pilot_qwen\tsp_niche_s3
qwen3.7-plus,tsp,niche,4,12,0.03481993931085895,0.04047007505696987,3,3,0.9166666666666666,7,1.0,32019,15930,6480,1.328125,1.046875,0.058706331018037086,2.186201942596583,0.03842532033028042,chapter6_demo\runs\pilot_qwen\tsp_niche_s4
qwen3.7-plus,tsp,quality,0,12,0.04812965454068535,0.04525726404391319,3,3,0.75,5,1.0,30346,15930,6480,1.25,1.0625,0.0631708073271879,1.6476636129967706,0.02511560510045402,chapter6_demo\runs\pilot_qwen\tsp_quality_s0
qwen3.7-plus,tsp,quality,1,12,0.04495048591222439,0.04333089313561972,1,1,1.0,3,1.0,31245,15930,6480,1.40625,0.78125,0.05863148352804642,0.9601536245799328,0.02829477372891498,chapter6_demo\runs\pilot_qwen\tsp_quality_s1
qwen3.7-plus,tsp,quality,2,12,0.053082890508834156,0.05448750950636878,2,2,1.0,2,1.0,28235,15930,6480,1.25,0.875,0.0658200175655041,0.7083407118824154,0.020162369132305215,chapter6_demo\runs\pilot_qwen\tsp_quality_s2
qwen3.7-plus,tsp,quality,3,12,0.06904268401251196,0.06912311262978087,2,2,0.9166666666666666,2,1.0,28732,15930,6480,1.25,0.859375,0.07311272568995797,0.6960879855213699,0.004202575628627414,chapter6_demo\runs\pilot_qwen\tsp_quality_s3
qwen3.7-plus,tsp,quality,4,12,0.05203608187387806,0.06523945115480881,1,1,0.9166666666666666,3,1.0,29315,15930,6480,1.265625,0.734375,0.06939275074052911,1.0233668770254136,0.021209177767261313,chapter6_demo\runs\pilot_qwen\tsp_quality_s4
qwen3.7-plus,tsp,relational,0,12,0.04892398051635225,0.05051671305817098,2,2,0.6666666666666666,2,1.0,42480,15930,6480,1.109375,0.875,0.0656825147269339,0.4708097928436911,0.02432127912478712,chapter6_demo\runs\pilot_qwen\tsp_relational_s0
qwen3.7-plus,tsp,relational,1,12,0.03498212543463005,0.041907259987965594,1,1,0.6666666666666666,2,1.0,41111,15930,6480,1.25,0.828125,0.07392391057909262,0.48648780131838193,0.03826313420650932,chapter6_demo\runs\pilot_qwen\tsp_relational_s1
qwen3.7-plus,tsp,relational,2,12,0.04386882476541254,0.04663911871890136,3,3,0.4166666666666667,2,1.0,41344,15930,6480,1.21875,1.0,0.056890496275708684,0.48374613003095973,0.02937643487572683,chapter6_demo\runs\pilot_qwen\tsp_relational_s2
qwen3.7-plus,tsp,relational,3,12,0.07324525964113937,0.0493283817398199,3,1,0.4166666666666667,1,1.0,40772,15930,6480,1.171875,0.96875,0.07647478619285991,0.24526635926616305,0.0,chapter6_demo\runs\pilot_qwen\tsp_relational_s3
qwen3.7-plus,tsp,relational,4,12,0.038792937400569515,0.041996150042280474,1,1,0.25,4,1.0,40778,15930,6480,1.109375,0.765625,0.07417796471015525,0.9809210848987199,0.034452322240569856,chapter6_demo\runs\pilot_qwen\tsp_relational_s4
qwen3.7-plus,tsp,terminal,0,12,0.030853534155842615,0.04542303604503861,3,2,0.4166666666666667,4,1.0,46043,15930,6480,1.25,1.03125,0.059698764092798756,0.8687531220815324,0.04239172548529675,chapter6_demo\runs\pilot_qwen\tsp_terminal_s0
qwen3.7-plus,tsp,terminal,1,12,0.07109286971203431,0.06942896204454878,5,4,0.5,3,1.0,42211,15930,6480,1.234375,1.28125,0.07532684489733721,0.7107152164127833,0.0021523899291050613,chapter6_demo\runs\pilot_qwen\tsp_terminal_s1
qwen3.7-plus,tsp,terminal,2,12,0.04386882476541254,0.04663911871890136,2,2,0.3333333333333333,2,1.0,39753,15930,6480,1.234375,0.90625,0.056890496275708684,0.503106683772294,0.02937643487572683,chapter6_demo\runs\pilot_qwen\tsp_terminal_s2
qwen3.7-plus,tsp,terminal,3,12,0.04650318496412744,0.04909124432994064,2,2,0.4166666666666667,4,1.0,42197,15930,6480,1.296875,0.875,0.06673999048668505,0.947934687300045,0.02674207467701193,chapter6_demo\runs\pilot_qwen\tsp_terminal_s3
qwen3.7-plus,tsp,terminal,4,12,0.07324525964113937,0.0493283817398199,3,1,0.4166666666666667,1,1.0,41459,15930,6480,1.125,0.9375,0.07647478619285991,0.24120215152319158,0.0,chapter6_demo\runs\pilot_qwen\tsp_terminal_s4
MiniMax-M3,binpack,niche,0,12,0.08568803447926386,0.12305882722757955,2,2,0.9166666666666666,0,1.0,28987,23531,0,0.9375,0.109375,0.0859694909732391,0.0,0.0,chapter6_demo\runs\pilot_minimax\binpack_niche_s0
MiniMax-M3,binpack,niche,1,12,0.08568803447926386,0.12305882722757955,5,4,0.5,2,0.9166666666666666,34272,22084,0,0.953125,0.5625,0.0859694909732391,0.5835667600373483,0.0,chapter6_demo\runs\pilot_minimax\binpack_niche_s1
MiniMax-M3,binpack,niche,2,12,0.08568803447926386,0.12305882722757955,7,7,0.16666666666666666,6,0.8333333333333334,29909,19994,0,0.71875,0.796875,0.0859694909732391,2.006085124878799,0.0,chapter6_demo\runs\pilot_minimax\binpack_niche_s2
MiniMax-M3,binpack,relational,0,12,0.08568803447926386,0.12305882722757955,7,7,0.6666666666666666,4,1.0,40369,23206,0,1.03125,0.90625,0.0859694909732391,0.9908593227476529,0.0,chapter6_demo\runs\pilot_minimax\binpack_relational_s0
MiniMax-M3,binpack,relational,1,12,0.08568803447926386,0.12305882722757955,4,4,0.5,2,0.6666666666666666,38380,17146,0,0.65625,0.4375,0.0859694909732391,0.5211047420531527,0.0,chapter6_demo\runs\pilot_minimax\binpack_relational_s1
MiniMax-M3,binpack,relational,2,12,0.08568803447926386,0.12305882722757955,4,3,0.8333333333333334,2,1.0,40937,22666,0,1.0,0.421875,0.0859694909732391,0.4885555854117302,0.0,chapter6_demo\runs\pilot_minimax\binpack_relational_s2
MiniMax-M3,tsp,niche,0,12,0.05576713355585874,0.05086100920451459,1,1,0.8333333333333334,3,0.9166666666666666,29672,14868,6048,1.3125,0.828125,0.07137761528519343,1.0110541925047183,0.017478126085280633,chapter6_demo\runs\pilot_minimax\tsp_niche_s0
MiniMax-M3,tsp,niche,1,12,0.06762487867688298,0.054971317213094284,4,3,0.5833333333333334,4,0.8333333333333334,41262,13806,5616,1.375,1.265625,0.0719784814214548,0.9694149580728031,0.005620380964256391,chapter6_demo\runs\pilot_minimax\tsp_niche_s1
MiniMax-M3,tsp,niche,2,12,0.050190311213177886,0.04035157425689861,2,2,0.75,6,0.9166666666666666,35223,14868,6048,1.4375,0.9375,0.06298031267370845,1.7034324163188825,0.023054948427961484,chapter6_demo\runs\pilot_minimax\tsp_niche_s2
MiniMax-M3,tsp,relational,0,12,0.07324525964113937,0.0493283817398199,1,1,0.08333333333333333,0,0.8333333333333334,40173,13806,5616,1.375,0.71875,0.07647478619285991,0.0,0.0,chapter6_demo\runs\pilot_minimax\tsp_relational_s0
MiniMax-M3,tsp,relational,1,12,0.05262933040781095,0.0933439827083834,4,4,0.3333333333333333,3,0.9166666666666666,49821,14868,6048,1.484375,1.234375,0.06960280978175043,0.6021557174685374,0.020615929233328424,chapter6_demo\runs\pilot_minimax\tsp_relational_s1
MiniMax-M3,tsp,relational,2,12,0.0613145238209182,0.07143879982899508,1,1,0.5833333333333334,1,1.0,40127,15930,6480,1.5,0.828125,0.07090710947675669,0.24920876218007826,0.011930735820221174,chapter6_demo\runs\pilot_minimax\tsp_relational_s2
qwen3.7-plus,binpack,relational_no_w,0,12,0.08568803447926386,0.12305882722757955,2,2,1.0,0,1.0,36263,23256,0,0.4375,0.09375,0.0859694909732391,0.0,0.0,chapter6_demo\runs\pilot_no_w\binpack_relational_no_w_s0
qwen3.7-plus,binpack,relational_no_w,1,12,0.08568803447926386,0.12305882722757955,2,2,1.0,0,1.0,36127,22036,0,0.453125,0.109375,0.0859694909732391,0.0,0.0,chapter6_demo\runs\pilot_no_w\binpack_relational_no_w_s1
qwen3.7-plus,binpack,relational_no_w,2,12,0.08568803447926386,0.12305882722757955,2,2,1.0,0,1.0,36378,22655,0,0.4375,0.09375,0.0859694909732391,0.0,0.0,chapter6_demo\runs\pilot_no_w\binpack_relational_no_w_s2
qwen3.7-plus,binpack,relational_no_w,3,12,0.08568803447926386,0.12305882722757955,3,3,0.9166666666666666,1,1.0,36817,23781,0,0.453125,0.15625,0.0859694909732391,0.2716136567346606,0.0,chapter6_demo\runs\pilot_no_w\binpack_relational_no_w_s3
qwen3.7-plus,binpack,relational_no_w,4,12,0.08568803447926386,0.12305882722757955,3,3,0.9166666666666666,1,1.0,36051,22761,0,0.46875,0.1875,0.0859694909732391,0.2773848159551746,0.0,chapter6_demo\runs\pilot_no_w\binpack_relational_no_w_s4
qwen3.7-plus,tsp,relational_no_w,0,12,0.07324525964113937,0.0493283817398199,4,1,0.4166666666666667,1,1.0,41005,15930,6480,1.265625,1.15625,0.07647478619285991,0.24387269845140835,0.0,chapter6_demo\runs\pilot_no_w\tsp_relational_no_w_s0
qwen3.7-plus,tsp,relational_no_w,1,12,0.053082890508834156,0.05448750950636878,1,1,0.5833333333333334,1,1.0,38042,15930,6480,1.21875,0.890625,0.06572152265563046,0.2628673571315914,0.020162369132305215,chapter6_demo\runs\pilot_no_w\tsp_relational_no_w_s1
qwen3.7-plus,tsp,relational_no_w,2,12,0.03160237872694738,0.03634545319493215,1,1,0.4166666666666667,3,1.0,38489,15930,6480,1.234375,0.71875,0.054948591764968274,0.779443477357167,0.04164288091419199,chapter6_demo\runs\pilot_no_w\tsp_relational_no_w_s2
qwen3.7-plus,tsp,relational_no_w,3,12,0.039442847857364495,0.048073080114356175,4,4,0.3333333333333333,3,1.0,39993,15930,6480,1.203125,1.09375,0.051686350884758335,0.7501312729727703,0.033802411783774876,chapter6_demo\runs\pilot_no_w\tsp_relational_no_w_s3
qwen3.7-plus,tsp,relational_no_w,4,12,0.022661376823344903,0.029881870277479062,3,3,0.16666666666666666,5,0.9166666666666666,42232,14868,6048,1.203125,0.96875,0.05600204737614146,1.183936351581739,0.05058388281779447,chapter6_demo\runs\pilot_no_w\tsp_relational_no_w_s4
qwen3.7-plus,classification,niche,0,12,0.02411038489469862,0.06458700021221087,3,2,1.0,1,1.0,29268,7950,0,0.171875,0.0,0.02589203582667635,0.3416700833675003,0.003340595497458243,chapter6_demo\runs\pilot_classification\classification_niche_s0
qwen3.7-plus,classification,niche,1,12,0.027450980392156862,0.0868316918198954,4,3,1.0,0,1.0,27142,7950,0,0.109375,0.015625,0.027450980392156862,0.0,0.0,chapter6_demo\runs\pilot_classification\classification_niche_s1
qwen3.7-plus,classification,niche,2,12,0.0196078431372549,0.05397021558127052,3,2,1.0,1,1.0,26572,7950,0,0.15625,0.0,0.023790849673202615,0.3763359927743489,0.00784313725490196,chapter6_demo\runs\pilot_classification\classification_niche_s2
qwen3.7-plus,classification,quality,0,12,0.02411038489469862,0.06458700021221087,3,2,1.0,1,1.0,25101,7950,0,0.09375,0.015625,0.027228274025659645,0.3983905023704235,0.003340595497458243,chapter6_demo\runs\pilot_classification\classification_quality_s0
qwen3.7-plus,classification,quality,1,12,0.027450980392156862,0.0868316918198954,3,1,1.0,0,1.0,25338,7950,0,0.09375,0.015625,0.027450980392156862,0.0,0.0,chapter6_demo\runs\pilot_classification\classification_quality_s1
qwen3.7-plus,classification,quality,2,12,0.02018881626724764,0.05397021558127052,3,1,1.0,2,1.0,27919,7950,0,0.125,0.015625,0.02529169692568385,0.716358035746266,0.007262164124909223,chapter6_demo\runs\pilot_classification\classification_quality_s2
qwen3.7-plus,classification,relational,0,12,0.02411038489469862,0.05009424658902245,3,1,0.9166666666666666,1,1.0,39824,7950,0,0.140625,0.015625,0.0252239167271847,0.2511048613901165,0.003340595497458243,chapter6_demo\runs\pilot_classification\classification_relational_s0
qwen3.7-plus,classification,relational,1,12,0.02018881626724764,0.06458700021221087,2,1,0.8333333333333334,2,1.0,39578,7950,0,0.125,0.015625,0.02421689663519729,0.5053312446308555,0.007262164124909223,chapter6_demo\runs\pilot_classification\classification_relational_s1
qwen3.7-plus,classification,relational,2,12,0.01626724763979666,0.05009424658902245,4,1,1.0,2,1.0,40082,7950,0,0.125,0.015625,0.023122730573710965,0.4989770969512499,0.011183732752360204,chapter6_demo\runs\pilot_classification\classification_relational_s2
qwen3.7-plus,classification,terminal,0,12,0.02411038489469862,0.04621827759677439,3,1,0.9166666666666666,1,1.0,40273,7950,0,0.15625,0.015625,0.026782861292665213,0.2483053162168202,0.003340595497458243,chapter6_demo\runs\pilot_classification\classification_terminal_s0
qwen3.7-plus,classification,terminal,1,12,0.023529411764705882,0.09070766081214345,4,2,0.9166666666666666,3,1.0,41208,7950,0,0.140625,0.0,0.025030259017187122,0.7280139778683751,0.00392156862745098,chapter6_demo\runs\pilot_classification\classification_terminal_s1
qwen3.7-plus,classification,terminal,2,12,0.023529411764705882,0.09070766081214345,3,3,1.0,1,1.0,40464,7950,0,0.109375,0.015625,0.02718954248366013,0.24713325425069196,0.00392156862745098,chapter6_demo\runs\pilot_classification\classification_terminal_s2
